/*
MySQL Backup
Source Server Version: 5.6.17
Source Database: desempenho
Date: 22/01/2016 13:29:49
*/

SET FOREIGN_KEY_CHECKS=0;

-- ----------------------------
--  Table structure for `avalicao_users`
-- ----------------------------
DROP TABLE IF EXISTS `avalicao_users`;
CREATE TABLE `avalicao_users` (
  `id` int(10) unsigned NOT NULL AUTO_INCREMENT,
  `avalicao_id` int(10) unsigned NOT NULL,
  `tipo_id` int(10) unsigned NOT NULL,
  `avalidado_id` int(10) unsigned NOT NULL,
  `avalidador_id` int(10) unsigned NOT NULL,
  `created_at` timestamp NOT NULL DEFAULT '0000-00-00 00:00:00',
  `updated_at` timestamp NOT NULL DEFAULT '0000-00-00 00:00:00',
  PRIMARY KEY (`id`),
  KEY `avalicao_users_avalicao_id_foreign` (`avalicao_id`),
  KEY `avalicao_users_tipo_id_foreign` (`tipo_id`),
  KEY `avalicao_users_avalidado_id_foreign` (`avalidado_id`),
  KEY `avalicao_users_avalidador_id_foreign` (`avalidador_id`),
  CONSTRAINT `avalicao_users_avalicao_id_foreign` FOREIGN KEY (`avalicao_id`) REFERENCES `avalicoes` (`id`),
  CONSTRAINT `avalicao_users_avalidador_id_foreign` FOREIGN KEY (`avalidador_id`) REFERENCES `users` (`id`),
  CONSTRAINT `avalicao_users_avalidado_id_foreign` FOREIGN KEY (`avalidado_id`) REFERENCES `users` (`id`),
  CONSTRAINT `avalicao_users_tipo_id_foreign` FOREIGN KEY (`tipo_id`) REFERENCES `tipo_avaliadores` (`id`)
) ENGINE=InnoDB AUTO_INCREMENT=23 DEFAULT CHARSET=utf8 COLLATE=utf8_unicode_ci;

-- ----------------------------
--  Table structure for `avalicoes`
-- ----------------------------
DROP TABLE IF EXISTS `avalicoes`;
CREATE TABLE `avalicoes` (
  `id` int(10) unsigned NOT NULL AUTO_INCREMENT,
  `nome` varchar(255) COLLATE utf8_unicode_ci NOT NULL,
  `descricao` text COLLATE utf8_unicode_ci NOT NULL,
  `date_inicio` date NOT NULL,
  `date_finalizar` date NOT NULL,
  `date_result` date NOT NULL,
  `empresa_id` int(10) unsigned NOT NULL,
  `created_at` timestamp NOT NULL DEFAULT '0000-00-00 00:00:00',
  `updated_at` timestamp NOT NULL DEFAULT '0000-00-00 00:00:00',
  PRIMARY KEY (`id`),
  KEY `avalicoes_empresa_id_foreign` (`empresa_id`),
  CONSTRAINT `avalicoes_empresa_id_foreign` FOREIGN KEY (`empresa_id`) REFERENCES `empresas` (`id`)
) ENGINE=InnoDB AUTO_INCREMENT=6 DEFAULT CHARSET=utf8 COLLATE=utf8_unicode_ci;

-- ----------------------------
--  Table structure for `cargos`
-- ----------------------------
DROP TABLE IF EXISTS `cargos`;
CREATE TABLE `cargos` (
  `id` int(10) unsigned NOT NULL AUTO_INCREMENT,
  `nome` varchar(255) COLLATE utf8_unicode_ci NOT NULL,
  `descricao` text COLLATE utf8_unicode_ci NOT NULL,
  `created_at` timestamp NOT NULL DEFAULT '0000-00-00 00:00:00',
  `updated_at` timestamp NOT NULL DEFAULT '0000-00-00 00:00:00',
  PRIMARY KEY (`id`)
) ENGINE=InnoDB AUTO_INCREMENT=5 DEFAULT CHARSET=utf8 COLLATE=utf8_unicode_ci;

-- ----------------------------
--  Table structure for `competencias`
-- ----------------------------
DROP TABLE IF EXISTS `competencias`;
CREATE TABLE `competencias` (
  `id` int(10) unsigned NOT NULL AUTO_INCREMENT,
  `nome` varchar(255) COLLATE utf8_unicode_ci NOT NULL,
  `descricao` text COLLATE utf8_unicode_ci NOT NULL,
  `empresa_id` int(10) unsigned NOT NULL,
  `created_at` timestamp NOT NULL DEFAULT '0000-00-00 00:00:00',
  `updated_at` timestamp NOT NULL DEFAULT '0000-00-00 00:00:00',
  PRIMARY KEY (`id`),
  KEY `competencias_empresa_id_foreign` (`empresa_id`),
  CONSTRAINT `competencias_empresa_id_foreign` FOREIGN KEY (`empresa_id`) REFERENCES `empresas` (`id`)
) ENGINE=InnoDB AUTO_INCREMENT=25 DEFAULT CHARSET=utf8 COLLATE=utf8_unicode_ci;

-- ----------------------------
--  Table structure for `competencia_tipos`
-- ----------------------------
DROP TABLE IF EXISTS `competencia_tipos`;
CREATE TABLE `competencia_tipos` (
  `id` int(10) unsigned NOT NULL AUTO_INCREMENT,
  `competencia_id` int(10) unsigned NOT NULL,
  `tipo_id` int(10) unsigned NOT NULL,
  `created_at` timestamp NOT NULL DEFAULT '0000-00-00 00:00:00',
  `updated_at` timestamp NOT NULL DEFAULT '0000-00-00 00:00:00',
  PRIMARY KEY (`id`),
  KEY `competencias_tipos_competencia_id_foreign` (`competencia_id`),
  KEY `competencias_tipos_tipo_id_foreign` (`tipo_id`),
  CONSTRAINT `competencias_tipos_competencia_id_foreign` FOREIGN KEY (`competencia_id`) REFERENCES `competencias` (`id`),
  CONSTRAINT `competencias_tipos_tipo_id_foreign` FOREIGN KEY (`tipo_id`) REFERENCES `tipo_competencias` (`id`)
) ENGINE=InnoDB AUTO_INCREMENT=25 DEFAULT CHARSET=utf8 COLLATE=utf8_unicode_ci;

-- ----------------------------
--  Table structure for `comportamentos`
-- ----------------------------
DROP TABLE IF EXISTS `comportamentos`;
CREATE TABLE `comportamentos` (
  `id` int(10) unsigned NOT NULL AUTO_INCREMENT,
  `nome` varchar(255) COLLATE utf8_unicode_ci NOT NULL,
  `descricao` text COLLATE utf8_unicode_ci NOT NULL,
  `compencia_id` int(10) unsigned NOT NULL,
  `created_at` timestamp NOT NULL DEFAULT '0000-00-00 00:00:00',
  `updated_at` timestamp NOT NULL DEFAULT '0000-00-00 00:00:00',
  PRIMARY KEY (`id`),
  KEY `comportamentos_compencia_id_foreign` (`compencia_id`),
  CONSTRAINT `comportamentos_compencia_id_foreign` FOREIGN KEY (`compencia_id`) REFERENCES `competencias` (`id`)
) ENGINE=InnoDB AUTO_INCREMENT=93 DEFAULT CHARSET=utf8 COLLATE=utf8_unicode_ci;

-- ----------------------------
--  Table structure for `dados_users`
-- ----------------------------
DROP TABLE IF EXISTS `dados_users`;
CREATE TABLE `dados_users` (
  `id` int(10) unsigned NOT NULL AUTO_INCREMENT,
  `user_id` int(10) unsigned NOT NULL,
  `empresa_id` int(10) unsigned NOT NULL,
  `departamento_cargos_id` int(10) unsigned NOT NULL,
  `created_at` timestamp NOT NULL DEFAULT '0000-00-00 00:00:00',
  `updated_at` timestamp NOT NULL DEFAULT '0000-00-00 00:00:00',
  PRIMARY KEY (`id`),
  KEY `dados_users_user_id_foreign` (`user_id`),
  KEY `dados_users_empresa_id_foreign` (`empresa_id`),
  KEY `dados_users_departamento_cargos_id_foreign` (`departamento_cargos_id`),
  CONSTRAINT `dados_users_departamento_cargos_id_foreign` FOREIGN KEY (`departamento_cargos_id`) REFERENCES `departamento_cargos` (`id`),
  CONSTRAINT `dados_users_empresa_id_foreign` FOREIGN KEY (`empresa_id`) REFERENCES `empresas` (`id`),
  CONSTRAINT `dados_users_user_id_foreign` FOREIGN KEY (`user_id`) REFERENCES `users` (`id`)
) ENGINE=InnoDB AUTO_INCREMENT=30 DEFAULT CHARSET=utf8 COLLATE=utf8_unicode_ci;

-- ----------------------------
--  Table structure for `departamentos`
-- ----------------------------
DROP TABLE IF EXISTS `departamentos`;
CREATE TABLE `departamentos` (
  `id` int(10) unsigned NOT NULL AUTO_INCREMENT,
  `nome` varchar(255) COLLATE utf8_unicode_ci NOT NULL,
  `descricao` text COLLATE utf8_unicode_ci NOT NULL,
  `empresa_id` int(10) unsigned NOT NULL,
  `created_at` timestamp NOT NULL DEFAULT '0000-00-00 00:00:00',
  `updated_at` timestamp NOT NULL DEFAULT '0000-00-00 00:00:00',
  PRIMARY KEY (`id`),
  KEY `departamentos_empresa_id_foreign` (`empresa_id`),
  CONSTRAINT `departamentos_empresa_id_foreign` FOREIGN KEY (`empresa_id`) REFERENCES `empresas` (`id`)
) ENGINE=InnoDB AUTO_INCREMENT=8 DEFAULT CHARSET=utf8 COLLATE=utf8_unicode_ci;

-- ----------------------------
--  Table structure for `departamento_cargos`
-- ----------------------------
DROP TABLE IF EXISTS `departamento_cargos`;
CREATE TABLE `departamento_cargos` (
  `id` int(10) unsigned NOT NULL AUTO_INCREMENT,
  `departamento_id` int(10) unsigned NOT NULL,
  `cargo_id` int(10) unsigned NOT NULL,
  `created_at` timestamp NOT NULL DEFAULT '0000-00-00 00:00:00',
  `updated_at` timestamp NOT NULL DEFAULT '0000-00-00 00:00:00',
  PRIMARY KEY (`id`),
  KEY `departamento_cargos_departamento_id_foreign` (`departamento_id`),
  KEY `departamento_cargos_cargo_id_foreign` (`cargo_id`),
  CONSTRAINT `departamento_cargos_cargo_id_foreign` FOREIGN KEY (`cargo_id`) REFERENCES `cargos` (`id`),
  CONSTRAINT `departamento_cargos_departamento_id_foreign` FOREIGN KEY (`departamento_id`) REFERENCES `departamentos` (`id`)
) ENGINE=InnoDB AUTO_INCREMENT=5 DEFAULT CHARSET=utf8 COLLATE=utf8_unicode_ci;

-- ----------------------------
--  Table structure for `empresas`
-- ----------------------------
DROP TABLE IF EXISTS `empresas`;
CREATE TABLE `empresas` (
  `id` int(10) unsigned NOT NULL AUTO_INCREMENT,
  `nome` varchar(255) COLLATE utf8_unicode_ci NOT NULL,
  `estado` varchar(255) COLLATE utf8_unicode_ci NOT NULL,
  `cidade` varchar(255) COLLATE utf8_unicode_ci NOT NULL,
  `telefone` varchar(255) COLLATE utf8_unicode_ci NOT NULL,
  `email` varchar(255) COLLATE utf8_unicode_ci NOT NULL,
  `created_at` timestamp NOT NULL DEFAULT '0000-00-00 00:00:00',
  `updated_at` timestamp NOT NULL DEFAULT '0000-00-00 00:00:00',
  PRIMARY KEY (`id`)
) ENGINE=InnoDB AUTO_INCREMENT=2 DEFAULT CHARSET=utf8 COLLATE=utf8_unicode_ci;

-- ----------------------------
--  Table structure for `migrations`
-- ----------------------------
DROP TABLE IF EXISTS `migrations`;
CREATE TABLE `migrations` (
  `migration` varchar(255) COLLATE utf8_unicode_ci NOT NULL,
  `batch` int(11) NOT NULL
) ENGINE=InnoDB DEFAULT CHARSET=utf8 COLLATE=utf8_unicode_ci;

-- ----------------------------
--  Table structure for `oauth_access_tokens`
-- ----------------------------
DROP TABLE IF EXISTS `oauth_access_tokens`;
CREATE TABLE `oauth_access_tokens` (
  `id` varchar(40) COLLATE utf8_unicode_ci NOT NULL,
  `session_id` int(10) unsigned NOT NULL,
  `expire_time` int(11) NOT NULL,
  `created_at` timestamp NOT NULL DEFAULT '0000-00-00 00:00:00',
  `updated_at` timestamp NOT NULL DEFAULT '0000-00-00 00:00:00',
  PRIMARY KEY (`id`),
  UNIQUE KEY `oauth_access_tokens_id_session_id_unique` (`id`,`session_id`),
  KEY `oauth_access_tokens_session_id_index` (`session_id`),
  CONSTRAINT `oauth_access_tokens_session_id_foreign` FOREIGN KEY (`session_id`) REFERENCES `oauth_sessions` (`id`) ON DELETE CASCADE
) ENGINE=InnoDB DEFAULT CHARSET=utf8 COLLATE=utf8_unicode_ci;

-- ----------------------------
--  Table structure for `oauth_access_token_scopes`
-- ----------------------------
DROP TABLE IF EXISTS `oauth_access_token_scopes`;
CREATE TABLE `oauth_access_token_scopes` (
  `id` int(10) unsigned NOT NULL AUTO_INCREMENT,
  `access_token_id` varchar(40) COLLATE utf8_unicode_ci NOT NULL,
  `scope_id` varchar(40) COLLATE utf8_unicode_ci NOT NULL,
  `created_at` timestamp NOT NULL DEFAULT '0000-00-00 00:00:00',
  `updated_at` timestamp NOT NULL DEFAULT '0000-00-00 00:00:00',
  PRIMARY KEY (`id`),
  KEY `oauth_access_token_scopes_access_token_id_index` (`access_token_id`),
  KEY `oauth_access_token_scopes_scope_id_index` (`scope_id`),
  CONSTRAINT `oauth_access_token_scopes_access_token_id_foreign` FOREIGN KEY (`access_token_id`) REFERENCES `oauth_access_tokens` (`id`) ON DELETE CASCADE,
  CONSTRAINT `oauth_access_token_scopes_scope_id_foreign` FOREIGN KEY (`scope_id`) REFERENCES `oauth_scopes` (`id`) ON DELETE CASCADE
) ENGINE=InnoDB DEFAULT CHARSET=utf8 COLLATE=utf8_unicode_ci;

-- ----------------------------
--  Table structure for `oauth_auth_codes`
-- ----------------------------
DROP TABLE IF EXISTS `oauth_auth_codes`;
CREATE TABLE `oauth_auth_codes` (
  `id` varchar(40) COLLATE utf8_unicode_ci NOT NULL,
  `session_id` int(10) unsigned NOT NULL,
  `redirect_uri` varchar(255) COLLATE utf8_unicode_ci NOT NULL,
  `expire_time` int(11) NOT NULL,
  `created_at` timestamp NOT NULL DEFAULT '0000-00-00 00:00:00',
  `updated_at` timestamp NOT NULL DEFAULT '0000-00-00 00:00:00',
  PRIMARY KEY (`id`),
  KEY `oauth_auth_codes_session_id_index` (`session_id`),
  CONSTRAINT `oauth_auth_codes_session_id_foreign` FOREIGN KEY (`session_id`) REFERENCES `oauth_sessions` (`id`) ON DELETE CASCADE
) ENGINE=InnoDB DEFAULT CHARSET=utf8 COLLATE=utf8_unicode_ci;

-- ----------------------------
--  Table structure for `oauth_auth_code_scopes`
-- ----------------------------
DROP TABLE IF EXISTS `oauth_auth_code_scopes`;
CREATE TABLE `oauth_auth_code_scopes` (
  `id` int(10) unsigned NOT NULL AUTO_INCREMENT,
  `auth_code_id` varchar(40) COLLATE utf8_unicode_ci NOT NULL,
  `scope_id` varchar(40) COLLATE utf8_unicode_ci NOT NULL,
  `created_at` timestamp NOT NULL DEFAULT '0000-00-00 00:00:00',
  `updated_at` timestamp NOT NULL DEFAULT '0000-00-00 00:00:00',
  PRIMARY KEY (`id`),
  KEY `oauth_auth_code_scopes_auth_code_id_index` (`auth_code_id`),
  KEY `oauth_auth_code_scopes_scope_id_index` (`scope_id`),
  CONSTRAINT `oauth_auth_code_scopes_auth_code_id_foreign` FOREIGN KEY (`auth_code_id`) REFERENCES `oauth_auth_codes` (`id`) ON DELETE CASCADE,
  CONSTRAINT `oauth_auth_code_scopes_scope_id_foreign` FOREIGN KEY (`scope_id`) REFERENCES `oauth_scopes` (`id`) ON DELETE CASCADE
) ENGINE=InnoDB DEFAULT CHARSET=utf8 COLLATE=utf8_unicode_ci;

-- ----------------------------
--  Table structure for `oauth_clients`
-- ----------------------------
DROP TABLE IF EXISTS `oauth_clients`;
CREATE TABLE `oauth_clients` (
  `id` varchar(40) COLLATE utf8_unicode_ci NOT NULL,
  `secret` varchar(40) COLLATE utf8_unicode_ci NOT NULL,
  `name` varchar(255) COLLATE utf8_unicode_ci NOT NULL,
  `created_at` timestamp NOT NULL DEFAULT '0000-00-00 00:00:00',
  `updated_at` timestamp NOT NULL DEFAULT '0000-00-00 00:00:00',
  PRIMARY KEY (`id`),
  UNIQUE KEY `oauth_clients_id_secret_unique` (`id`,`secret`)
) ENGINE=InnoDB DEFAULT CHARSET=utf8 COLLATE=utf8_unicode_ci;

-- ----------------------------
--  Table structure for `oauth_client_endpoints`
-- ----------------------------
DROP TABLE IF EXISTS `oauth_client_endpoints`;
CREATE TABLE `oauth_client_endpoints` (
  `id` int(10) unsigned NOT NULL AUTO_INCREMENT,
  `client_id` varchar(40) COLLATE utf8_unicode_ci NOT NULL,
  `redirect_uri` varchar(255) COLLATE utf8_unicode_ci NOT NULL,
  `created_at` timestamp NOT NULL DEFAULT '0000-00-00 00:00:00',
  `updated_at` timestamp NOT NULL DEFAULT '0000-00-00 00:00:00',
  PRIMARY KEY (`id`),
  UNIQUE KEY `oauth_client_endpoints_client_id_redirect_uri_unique` (`client_id`,`redirect_uri`),
  CONSTRAINT `oauth_client_endpoints_client_id_foreign` FOREIGN KEY (`client_id`) REFERENCES `oauth_clients` (`id`) ON DELETE CASCADE ON UPDATE CASCADE
) ENGINE=InnoDB DEFAULT CHARSET=utf8 COLLATE=utf8_unicode_ci;

-- ----------------------------
--  Table structure for `oauth_client_grants`
-- ----------------------------
DROP TABLE IF EXISTS `oauth_client_grants`;
CREATE TABLE `oauth_client_grants` (
  `id` int(10) unsigned NOT NULL AUTO_INCREMENT,
  `client_id` varchar(40) COLLATE utf8_unicode_ci NOT NULL,
  `grant_id` varchar(40) COLLATE utf8_unicode_ci NOT NULL,
  `created_at` timestamp NOT NULL DEFAULT '0000-00-00 00:00:00',
  `updated_at` timestamp NOT NULL DEFAULT '0000-00-00 00:00:00',
  PRIMARY KEY (`id`),
  KEY `oauth_client_grants_client_id_index` (`client_id`),
  KEY `oauth_client_grants_grant_id_index` (`grant_id`),
  CONSTRAINT `oauth_client_grants_client_id_foreign` FOREIGN KEY (`client_id`) REFERENCES `oauth_clients` (`id`) ON DELETE CASCADE ON UPDATE NO ACTION,
  CONSTRAINT `oauth_client_grants_grant_id_foreign` FOREIGN KEY (`grant_id`) REFERENCES `oauth_grants` (`id`) ON DELETE CASCADE ON UPDATE NO ACTION
) ENGINE=InnoDB DEFAULT CHARSET=utf8 COLLATE=utf8_unicode_ci;

-- ----------------------------
--  Table structure for `oauth_client_scopes`
-- ----------------------------
DROP TABLE IF EXISTS `oauth_client_scopes`;
CREATE TABLE `oauth_client_scopes` (
  `id` int(10) unsigned NOT NULL AUTO_INCREMENT,
  `client_id` varchar(40) COLLATE utf8_unicode_ci NOT NULL,
  `scope_id` varchar(40) COLLATE utf8_unicode_ci NOT NULL,
  `created_at` timestamp NOT NULL DEFAULT '0000-00-00 00:00:00',
  `updated_at` timestamp NOT NULL DEFAULT '0000-00-00 00:00:00',
  PRIMARY KEY (`id`),
  KEY `oauth_client_scopes_client_id_index` (`client_id`),
  KEY `oauth_client_scopes_scope_id_index` (`scope_id`),
  CONSTRAINT `oauth_client_scopes_client_id_foreign` FOREIGN KEY (`client_id`) REFERENCES `oauth_clients` (`id`) ON DELETE CASCADE,
  CONSTRAINT `oauth_client_scopes_scope_id_foreign` FOREIGN KEY (`scope_id`) REFERENCES `oauth_scopes` (`id`) ON DELETE CASCADE
) ENGINE=InnoDB DEFAULT CHARSET=utf8 COLLATE=utf8_unicode_ci;

-- ----------------------------
--  Table structure for `oauth_grants`
-- ----------------------------
DROP TABLE IF EXISTS `oauth_grants`;
CREATE TABLE `oauth_grants` (
  `id` varchar(40) COLLATE utf8_unicode_ci NOT NULL,
  `created_at` timestamp NOT NULL DEFAULT '0000-00-00 00:00:00',
  `updated_at` timestamp NOT NULL DEFAULT '0000-00-00 00:00:00',
  PRIMARY KEY (`id`)
) ENGINE=InnoDB DEFAULT CHARSET=utf8 COLLATE=utf8_unicode_ci;

-- ----------------------------
--  Table structure for `oauth_grant_scopes`
-- ----------------------------
DROP TABLE IF EXISTS `oauth_grant_scopes`;
CREATE TABLE `oauth_grant_scopes` (
  `id` int(10) unsigned NOT NULL AUTO_INCREMENT,
  `grant_id` varchar(40) COLLATE utf8_unicode_ci NOT NULL,
  `scope_id` varchar(40) COLLATE utf8_unicode_ci NOT NULL,
  `created_at` timestamp NOT NULL DEFAULT '0000-00-00 00:00:00',
  `updated_at` timestamp NOT NULL DEFAULT '0000-00-00 00:00:00',
  PRIMARY KEY (`id`),
  KEY `oauth_grant_scopes_grant_id_index` (`grant_id`),
  KEY `oauth_grant_scopes_scope_id_index` (`scope_id`),
  CONSTRAINT `oauth_grant_scopes_grant_id_foreign` FOREIGN KEY (`grant_id`) REFERENCES `oauth_grants` (`id`) ON DELETE CASCADE,
  CONSTRAINT `oauth_grant_scopes_scope_id_foreign` FOREIGN KEY (`scope_id`) REFERENCES `oauth_scopes` (`id`) ON DELETE CASCADE
) ENGINE=InnoDB DEFAULT CHARSET=utf8 COLLATE=utf8_unicode_ci;

-- ----------------------------
--  Table structure for `oauth_refresh_tokens`
-- ----------------------------
DROP TABLE IF EXISTS `oauth_refresh_tokens`;
CREATE TABLE `oauth_refresh_tokens` (
  `id` varchar(40) COLLATE utf8_unicode_ci NOT NULL,
  `access_token_id` varchar(40) COLLATE utf8_unicode_ci NOT NULL,
  `expire_time` int(11) NOT NULL,
  `created_at` timestamp NOT NULL DEFAULT '0000-00-00 00:00:00',
  `updated_at` timestamp NOT NULL DEFAULT '0000-00-00 00:00:00',
  PRIMARY KEY (`access_token_id`),
  UNIQUE KEY `oauth_refresh_tokens_id_unique` (`id`),
  CONSTRAINT `oauth_refresh_tokens_access_token_id_foreign` FOREIGN KEY (`access_token_id`) REFERENCES `oauth_access_tokens` (`id`) ON DELETE CASCADE
) ENGINE=InnoDB DEFAULT CHARSET=utf8 COLLATE=utf8_unicode_ci;

-- ----------------------------
--  Table structure for `oauth_scopes`
-- ----------------------------
DROP TABLE IF EXISTS `oauth_scopes`;
CREATE TABLE `oauth_scopes` (
  `id` varchar(40) COLLATE utf8_unicode_ci NOT NULL,
  `description` varchar(255) COLLATE utf8_unicode_ci NOT NULL,
  `created_at` timestamp NOT NULL DEFAULT '0000-00-00 00:00:00',
  `updated_at` timestamp NOT NULL DEFAULT '0000-00-00 00:00:00',
  PRIMARY KEY (`id`)
) ENGINE=InnoDB DEFAULT CHARSET=utf8 COLLATE=utf8_unicode_ci;

-- ----------------------------
--  Table structure for `oauth_sessions`
-- ----------------------------
DROP TABLE IF EXISTS `oauth_sessions`;
CREATE TABLE `oauth_sessions` (
  `id` int(10) unsigned NOT NULL AUTO_INCREMENT,
  `client_id` varchar(40) COLLATE utf8_unicode_ci NOT NULL,
  `owner_type` enum('client','user') COLLATE utf8_unicode_ci NOT NULL DEFAULT 'user',
  `owner_id` varchar(255) COLLATE utf8_unicode_ci NOT NULL,
  `client_redirect_uri` varchar(255) COLLATE utf8_unicode_ci DEFAULT NULL,
  `created_at` timestamp NOT NULL DEFAULT '0000-00-00 00:00:00',
  `updated_at` timestamp NOT NULL DEFAULT '0000-00-00 00:00:00',
  PRIMARY KEY (`id`),
  KEY `oauth_sessions_client_id_owner_type_owner_id_index` (`client_id`,`owner_type`,`owner_id`),
  CONSTRAINT `oauth_sessions_client_id_foreign` FOREIGN KEY (`client_id`) REFERENCES `oauth_clients` (`id`) ON DELETE CASCADE ON UPDATE CASCADE
) ENGINE=InnoDB AUTO_INCREMENT=496 DEFAULT CHARSET=utf8 COLLATE=utf8_unicode_ci;

-- ----------------------------
--  Table structure for `oauth_session_scopes`
-- ----------------------------
DROP TABLE IF EXISTS `oauth_session_scopes`;
CREATE TABLE `oauth_session_scopes` (
  `id` int(10) unsigned NOT NULL AUTO_INCREMENT,
  `session_id` int(10) unsigned NOT NULL,
  `scope_id` varchar(40) COLLATE utf8_unicode_ci NOT NULL,
  `created_at` timestamp NOT NULL DEFAULT '0000-00-00 00:00:00',
  `updated_at` timestamp NOT NULL DEFAULT '0000-00-00 00:00:00',
  PRIMARY KEY (`id`),
  KEY `oauth_session_scopes_session_id_index` (`session_id`),
  KEY `oauth_session_scopes_scope_id_index` (`scope_id`),
  CONSTRAINT `oauth_session_scopes_scope_id_foreign` FOREIGN KEY (`scope_id`) REFERENCES `oauth_scopes` (`id`) ON DELETE CASCADE,
  CONSTRAINT `oauth_session_scopes_session_id_foreign` FOREIGN KEY (`session_id`) REFERENCES `oauth_sessions` (`id`) ON DELETE CASCADE
) ENGINE=InnoDB DEFAULT CHARSET=utf8 COLLATE=utf8_unicode_ci;

-- ----------------------------
--  Table structure for `password_resets`
-- ----------------------------
DROP TABLE IF EXISTS `password_resets`;
CREATE TABLE `password_resets` (
  `email` varchar(255) COLLATE utf8_unicode_ci NOT NULL,
  `token` varchar(255) COLLATE utf8_unicode_ci NOT NULL,
  `created_at` timestamp NOT NULL DEFAULT '0000-00-00 00:00:00',
  KEY `password_resets_email_index` (`email`),
  KEY `password_resets_token_index` (`token`)
) ENGINE=InnoDB DEFAULT CHARSET=utf8 COLLATE=utf8_unicode_ci;

-- ----------------------------
--  Table structure for `respostas`
-- ----------------------------
DROP TABLE IF EXISTS `respostas`;
CREATE TABLE `respostas` (
  `id` int(10) unsigned NOT NULL AUTO_INCREMENT,
  `nome` varchar(255) COLLATE utf8_unicode_ci NOT NULL,
  `peso` int(11) NOT NULL,
  `empresa_id` int(10) unsigned NOT NULL,
  `created_at` timestamp NOT NULL DEFAULT '0000-00-00 00:00:00',
  `updated_at` timestamp NOT NULL DEFAULT '0000-00-00 00:00:00',
  PRIMARY KEY (`id`),
  KEY `respostas_empresa_id_foreign` (`empresa_id`),
  CONSTRAINT `respostas_empresa_id_foreign` FOREIGN KEY (`empresa_id`) REFERENCES `empresas` (`id`)
) ENGINE=InnoDB DEFAULT CHARSET=utf8 COLLATE=utf8_unicode_ci;

-- ----------------------------
--  Table structure for `resposta_comportamentos`
-- ----------------------------
DROP TABLE IF EXISTS `resposta_comportamentos`;
CREATE TABLE `resposta_comportamentos` (
  `id` int(10) unsigned NOT NULL AUTO_INCREMENT,
  `comportamento_id` int(10) unsigned NOT NULL,
  `resposta_id` int(10) unsigned NOT NULL,
  `created_at` timestamp NOT NULL DEFAULT '0000-00-00 00:00:00',
  `updated_at` timestamp NOT NULL DEFAULT '0000-00-00 00:00:00',
  PRIMARY KEY (`id`),
  KEY `resposta_comportamentos_comportamento_id_foreign` (`comportamento_id`),
  KEY `resposta_comportamentos_resposta_id_foreign` (`resposta_id`),
  CONSTRAINT `resposta_comportamentos_comportamento_id_foreign` FOREIGN KEY (`comportamento_id`) REFERENCES `comportamentos` (`id`),
  CONSTRAINT `resposta_comportamentos_resposta_id_foreign` FOREIGN KEY (`resposta_id`) REFERENCES `respostas` (`id`)
) ENGINE=InnoDB DEFAULT CHARSET=utf8 COLLATE=utf8_unicode_ci;

-- ----------------------------
--  Table structure for `roles`
-- ----------------------------
DROP TABLE IF EXISTS `roles`;
CREATE TABLE `roles` (
  `id` int(10) unsigned NOT NULL AUTO_INCREMENT,
  `nome` varchar(255) COLLATE utf8_unicode_ci NOT NULL,
  `created_at` timestamp NOT NULL DEFAULT '0000-00-00 00:00:00',
  `updated_at` timestamp NOT NULL DEFAULT '0000-00-00 00:00:00',
  PRIMARY KEY (`id`)
) ENGINE=InnoDB AUTO_INCREMENT=3 DEFAULT CHARSET=utf8 COLLATE=utf8_unicode_ci;

-- ----------------------------
--  Table structure for `tipo_avaliadores`
-- ----------------------------
DROP TABLE IF EXISTS `tipo_avaliadores`;
CREATE TABLE `tipo_avaliadores` (
  `id` int(10) unsigned NOT NULL AUTO_INCREMENT,
  `nome` varchar(255) COLLATE utf8_unicode_ci NOT NULL,
  `created_at` timestamp NOT NULL DEFAULT '0000-00-00 00:00:00',
  `updated_at` timestamp NOT NULL DEFAULT '0000-00-00 00:00:00',
  PRIMARY KEY (`id`)
) ENGINE=InnoDB AUTO_INCREMENT=7 DEFAULT CHARSET=utf8 COLLATE=utf8_unicode_ci;

-- ----------------------------
--  Table structure for `tipo_competencias`
-- ----------------------------
DROP TABLE IF EXISTS `tipo_competencias`;
CREATE TABLE `tipo_competencias` (
  `id` int(10) unsigned NOT NULL AUTO_INCREMENT,
  `nome` varchar(255) COLLATE utf8_unicode_ci NOT NULL,
  `descricao` text COLLATE utf8_unicode_ci NOT NULL,
  `created_at` timestamp NOT NULL DEFAULT '0000-00-00 00:00:00',
  `updated_at` timestamp NOT NULL DEFAULT '0000-00-00 00:00:00',
  PRIMARY KEY (`id`)
) ENGINE=InnoDB AUTO_INCREMENT=4 DEFAULT CHARSET=utf8 COLLATE=utf8_unicode_ci;

-- ----------------------------
--  Table structure for `users`
-- ----------------------------
DROP TABLE IF EXISTS `users`;
CREATE TABLE `users` (
  `id` int(10) unsigned NOT NULL AUTO_INCREMENT,
  `name` varchar(255) COLLATE utf8_unicode_ci NOT NULL,
  `email` varchar(255) COLLATE utf8_unicode_ci NOT NULL,
  `password` varchar(60) COLLATE utf8_unicode_ci NOT NULL,
  `status` enum('0','1') COLLATE utf8_unicode_ci NOT NULL,
  `remember_token` varchar(100) COLLATE utf8_unicode_ci DEFAULT NULL,
  `created_at` timestamp NOT NULL DEFAULT '0000-00-00 00:00:00',
  `role_id` int(10) unsigned NOT NULL,
  `updated_at` timestamp NOT NULL DEFAULT '0000-00-00 00:00:00',
  PRIMARY KEY (`id`),
  UNIQUE KEY `users_email_unique` (`email`),
  KEY `users_role_id_foreign` (`role_id`),
  CONSTRAINT `users_role_id_foreign` FOREIGN KEY (`role_id`) REFERENCES `roles` (`id`)
) ENGINE=InnoDB AUTO_INCREMENT=26 DEFAULT CHARSET=utf8 COLLATE=utf8_unicode_ci;

-- ----------------------------
--  Records 
-- ----------------------------
INSERT INTO `avalicao_users` VALUES ('12','1','3','10','3','2016-01-14 17:16:24','2016-01-14 17:26:13'), ('17','1','2','2','2','2016-01-14 19:38:56','2016-01-14 19:38:56'), ('18','1','3','2','5','2016-01-14 19:39:06','2016-01-14 19:39:06'), ('19','1','3','2','4','2016-01-15 11:24:01','2016-01-15 11:24:01'), ('22','1','1','10','4','2016-01-15 13:34:38','2016-01-15 13:34:38');
INSERT INTO `avalicoes` VALUES ('1','Avalição 1','descricao do formulario','2016-01-18','2016-01-06','2016-01-06','1','2016-01-06 13:32:26','2016-01-06 13:32:26'), ('2','Avaliação 2','Descrição da avaliação','2016-01-06','2016-01-15','2016-01-15','1','2016-01-06 14:08:35','2016-01-06 14:08:35'), ('3','Avaliação 3','descricão','2016-01-06','2016-01-14','2016-01-13','1','2016-01-06 18:54:13','2016-01-06 18:54:13'), ('4','Avalição 1','descricao do formulario','2016-01-19','2016-01-21','2016-01-22','1','2016-01-18 12:50:28','2016-01-18 12:50:28'), ('5','Avalição 1','descricao do formulario','2016-01-19','2016-01-21','2016-01-22','1','2016-01-18 12:50:44','2016-01-18 12:50:44');
INSERT INTO `cargos` VALUES ('1','Programador','Descrição do cargo do programador','2016-01-03 14:02:15','2016-01-03 14:02:15'), ('2','Front End','descrição do cargo do front end','2016-01-04 21:50:41','2016-01-04 21:52:13'), ('3','Diretor de artes','Descrição do diretor de artes','2016-01-04 22:07:32','2016-01-04 22:07:32'), ('4','Comunicação','Cargo da comunicção','2016-01-04 22:08:37','2016-01-04 22:08:37');
INSERT INTO `competencias` VALUES ('1','Foco em resultados','dddd','1','2016-01-21 16:22:44','2016-01-21 16:22:50'), ('3','Foco no cliente','fgjfdklgjdklf','1','2016-01-21 16:23:04','2016-01-21 16:23:07'), ('4','Conhecimento dos clientes da empresa','fgjfdklgjdklf','1','2016-01-21 16:23:04','2016-01-21 16:23:07'), ('5','Resistência à pressão','fgjfdklgjdklf','1','2016-01-21 16:23:04','2016-01-21 16:23:07'), ('6','Negociação','fgjfdklgjdklf','1','2016-01-21 16:23:04','2016-01-21 16:23:07'), ('7','Resolutividade de problemas','fgjfdklgjdklf','1','2016-01-21 16:23:04','2016-01-21 16:23:07'), ('8','Planejamento e organização','fgjfdklgjdklf','1','2016-01-21 16:23:04','2016-01-21 16:23:07'), ('9','Geração de resultados','fgjfdklgjdklf','1','2016-01-21 16:23:04','2016-01-21 16:23:07'), ('10','Relacionamento interpessoal','fgjfdklgjdklf','1','2016-01-21 16:23:04','2016-01-21 16:23:07'), ('11','Liderança','fgjfdklgjdklf','1','2016-01-21 16:23:04','2016-01-21 16:23:07'), ('12','Iniciativa e autonomia','fgjfdklgjdklf','1','2016-01-21 16:23:04','2016-01-21 16:23:07'), ('13','Atenção','fgjfdklgjdklf','1','2016-01-21 16:23:04','2016-01-21 16:23:07'), ('14','Comunicação eficaz','fgjfdklgjdklf','1','2016-01-21 16:23:04','2016-01-21 16:23:07'), ('15','Discrição','fgjfdklgjdklf','1','2016-01-21 16:23:04','2016-01-21 16:23:07'), ('16','Foco analítico','fgjfdklgjdklf','1','2016-01-21 16:23:04','2016-01-21 16:23:07'), ('17','Objetividade','fgjfdklgjdklf','1','2016-01-21 16:23:04','2016-01-21 16:23:07'), ('18','Foco em Instruções ','fgjfdklgjdklf','1','2016-01-21 16:23:04','2016-01-21 16:23:07'), ('19','Marketing pessoal','fgjfdklgjdklf','1','2016-01-21 16:23:04','2016-01-21 16:23:07'), ('20','Comprometimento','fgjfdklgjdklf','1','2016-01-21 16:23:04','2016-01-21 16:23:07'), ('21','Capacidade de tomar decisão','fgjfdklgjdklf','1','2016-01-21 16:23:04','2016-01-21 16:23:07'), ('22','Conhecimento do negócio (produto / serviço)','fgjfdklgjdklf','1','2016-01-21 16:23:04','2016-01-21 16:23:07'), ('23','Adaptabilidade às mudanças','fgjfdklgjdklf','1','2016-01-21 16:23:04','2016-01-21 16:23:07'), ('24','Pacote Office','fgjfdklgjdklf','1','2016-01-21 16:23:04','2016-01-21 16:23:07');
INSERT INTO `competencia_tipos` VALUES ('1','1','2','2016-01-21 16:38:45','2016-01-21 16:38:49'), ('2','3','3','2016-01-21 16:38:45','2016-01-21 16:38:49'), ('3','4','1','2016-01-21 16:38:45','2016-01-21 16:38:49'), ('4','5','3','2016-01-21 16:38:45','2016-01-21 16:38:49'), ('5','6','1','2016-01-21 16:38:45','2016-01-21 16:38:49'), ('6','7','2','2016-01-21 16:38:45','2016-01-21 16:38:49'), ('7','8','3','2016-01-21 16:38:45','2016-01-21 16:38:49'), ('8','9','2','2016-01-21 16:38:45','2016-01-21 16:38:49'), ('10','10','2','2016-01-21 16:38:45','2016-01-21 16:38:49'), ('11','11','1','2016-01-21 16:38:45','2016-01-21 16:38:49'), ('12','12','3','2016-01-21 16:38:45','2016-01-21 16:38:49'), ('13','13','1','2016-01-21 16:38:45','2016-01-21 16:38:49'), ('14','14','3','2016-01-21 16:38:45','2016-01-21 16:38:49'), ('15','15','1','2016-01-21 16:38:45','2016-01-21 16:38:49'), ('16','16','2','2016-01-21 16:38:45','2016-01-21 16:38:49'), ('17','17','3','2016-01-21 16:38:45','2016-01-21 16:38:49'), ('18','18','1','2016-01-21 16:38:45','2016-01-21 16:38:49'), ('19','19','3','2016-01-21 16:38:45','2016-01-21 16:38:49'), ('20','20','2','2016-01-21 16:38:45','2016-01-21 16:38:49'), ('21','21','3','2016-01-21 16:38:45','2016-01-21 16:38:49'), ('22','22','1','2016-01-21 16:38:45','2016-01-21 16:38:49'), ('23','23','1','2016-01-21 16:38:45','2016-01-21 16:38:49'), ('24','24','3','2016-01-21 16:38:45','2016-01-21 16:38:49');
INSERT INTO `comportamentos` VALUES ('1','Estabelecer prioridades na sua ação, conseguindo centrar nas atividades com maior valor para o negócio','ggg','1','2016-01-21 16:58:49','2016-01-21 16:58:52'), ('2','Comprometer-se com objetivos exigentes mas realistas e ser perseverante no alcance das metas definidas.','ggg','1','2016-01-21 16:58:49','2016-01-21 16:58:52'), ('3','Realizar com empenho e rigor as tarefas ou projetos distribuídos','ggg','1','2016-01-21 16:58:49','2016-01-21 16:58:52'), ('4','Administrar adequadamente o seu tempo de trabalho e cumprir os prazos estipulados','ggg','1','2016-01-21 16:58:49','2016-01-21 16:58:52'), ('5','Relacionar-se com os clientes e considerar os seus pontos de vista na análise de decisões e ações','ggg','3','2016-01-21 16:58:49','2016-01-21 16:58:52'), ('6','Prever as necessidades de mudança do cliente e procurar agregar valor','ggg','3','2016-01-21 16:58:49','2016-01-21 16:58:52'), ('7','Equilibrar as ofertas existentes com novas soluções personalizadas para o cliente','ggg','3','2016-01-21 16:58:49','2016-01-21 16:58:52'), ('8','Buscar o “feedback” do cliente interno e externo e atuar sobre ele','ggg','3','2016-01-21 16:58:49','2016-01-21 16:58:52'), ('9','Conhecer os clientes atendidos (internos e externos) e os serviços ou produtos adequado aos mesmos','ggg','4','2016-01-21 16:58:49','2016-01-21 16:58:52'), ('10','Antecipar as necessidades futuras do cliente','ggg','4','2016-01-21 16:58:49','2016-01-21 16:58:52'), ('11','Contatar os clientes para obter \"feedback\" sobre o produto ou serviço prestado','ggg','4','2016-01-21 16:58:49','2016-01-21 16:58:52'), ('12','Manter atualizado o sistema de CRM quando aplicável','ggg','4','2016-01-21 16:58:49','2016-01-21 16:58:52'), ('13','Manter o controle emocional e discernimento profissional perante situações difíceis','ggg','5','2016-01-21 16:58:49','2016-01-21 16:58:52'), ('14','Manter a produtividade em ambiente de pressão','ggg','5','2016-01-21 16:58:49','2016-01-21 16:58:52'), ('15','Administrar de forma equilibrada as exigências profissionais e pessoais','ggg','5','2016-01-21 16:58:49','2016-01-21 16:58:52'), ('16','Aceitar as críticas e contrariedades e projetar melhorias','ggg','5','2016-01-21 16:58:49','2016-01-21 16:58:52'), ('17','Ser flexível e persistente no estabelecimento de consensos e acordos','ggg','6','2016-01-21 16:58:49','2016-01-21 16:58:52'), ('18','Encontrar argumentos e estruturá-los de forma lógica','ggg','6','2016-01-21 16:58:49','2016-01-21 16:58:52'), ('19','Ser expressivo na forma de comunicar, causando impacto nos outros','ggg','6','2016-01-21 16:58:49','2016-01-21 16:58:52'), ('20','Captar rapidamente o ponto de vista alheio sendo consistente e oportuno na resposta','ggg','6','2016-01-21 16:58:49','2016-01-21 16:58:52'), ('21','Solucionar proativamente os problemas rotineiros','ggg','7','2016-01-21 16:58:49','2016-01-21 16:58:52'), ('22','Antecipar potenciais problemas e tomar ações adequadas para evitá-los','ggg','7','2016-01-21 16:58:49','2016-01-21 16:58:52'), ('23','Definir problemas de forma precisa e identificar suas causas fundamentais','ggg','7','2016-01-21 16:58:49','2016-01-21 16:58:52'), ('24','Apresentar ideias viáveis para resolver problemas ou melhorar processos','ggg','7','2016-01-21 16:58:49','2016-01-21 16:58:52'), ('25','Ser sistemático e cuidadoso na preparação e planejamento das suas tarefas e atividades','ggg','8','2016-01-21 16:58:49','2016-01-21 16:58:52'), ('26','Planejar e organizar as atividades e projetos que lhe são distribuídos, de acordo com os recursos que tem à sua disposição','ggg','8','2016-01-21 16:58:49','2016-01-21 16:58:52'), ('27','Realizar as suas atividades segundo as prioridades definidas e dentro dos prazos previstos','ggg','8','2016-01-21 16:58:49','2016-01-21 16:58:52'), ('28','Reavaliar frequentemente o seu plano de trabalho e ajustá-lo às alterações imprevistas, introduzindo as correções necessárias','ggg','8','2016-01-21 16:58:49','2016-01-21 16:58:52'), ('29','Estabelecer tarefas, objetivos definidos e claros, prazos e o planejamento das fases do trabalho','ggg','9','2016-01-21 16:58:49','2016-01-21 16:58:52'), ('30','Gerenciar múltiplas tarefas com eficiência – trabalhar com projetos em paralelo','ggg','9','2016-01-21 16:58:49','2016-01-21 16:58:52'), ('31','Acompanhar o progresso do trabalho e tomar providências quando os projetos paralisam','ggg','9','2016-01-21 16:58:49','2016-01-21 16:58:52'), ('32','Lidar com problemas e ações por sua própria iniciativa, sem precisar ser alertado','ggg','9','2016-01-21 16:58:49','2016-01-21 16:58:52'), ('33','Demonstrar autoconfiança nos relacionamentos e se integrar adequadamente em vários contextos sócio-profissionais','ggg','10','2016-01-21 16:58:49','2016-01-21 16:58:52'), ('34','Trabalhar com pessoas com diferentes características','ggg','10','2016-01-21 16:58:49','2016-01-21 16:58:52'), ('35','Resolver os potenciais conflitos, utilizando estratégias que revelam bom senso e respeito pelos outros','ggg','10','2016-01-21 16:58:49','2016-01-21 16:58:52'), ('36','Tratar cordialmente os colegas, superiores e os clientes','ggg','10','2016-01-21 16:58:49','2016-01-21 16:58:52'), ('37','Assumir a responsabilidade pelos propósitos de existência da sua área','ggg','11','2016-01-21 16:58:49','2016-01-21 16:58:52'), ('38','Obter o compromotimento da equipe liderada para busca de resultados','ggg','11','2016-01-21 16:58:49','2016-01-21 16:58:52'), ('39','Expressar feedbacks que contribuam para obtenção dos resultados individuais e da equipes','ggg','11','2016-01-21 16:58:49','2016-01-21 16:58:52'), ('40','Observar e acompanhar os desempenhos individuais e da equipe para conduzir aos melhores resultados possíveis','ggg','11','2016-01-21 16:58:49','2016-01-21 16:58:52'), ('41','Ter habitualmente uma postura ativa e dinâmica, respondendo às solicitações e desafios profissionais','ggg','12','2016-01-21 16:58:49','2016-01-21 16:58:52'), ('42','Concretizar de forma autônoma e diligente as atividades atribuídas','ggg','12','2016-01-21 16:58:49','2016-01-21 16:58:52'), ('43','Tomar iniciativa para a resolução de problemas que surgem no âmbito da sua atividade','ggg','12','2016-01-21 16:58:49','2016-01-21 16:58:52'), ('44','Procurar soluções alternativas para a resolução dos problemas profissionais','ggg','12','2016-01-21 16:58:49','2016-01-21 16:58:52'), ('45','Perceber indícios ou modificações comportamentais da equipe liderada em relação ao trabalho ou situações pessoais','ggg','13','2016-01-21 16:58:49','2016-01-21 16:58:52'), ('46','Executar tarefas de forma precisa e meticulosa com o menor indice de erros possível','ggg','13','2016-01-21 16:58:49','2016-01-21 16:58:52'), ('47','Demonstrar interesse, respeito e cortesia pelas exposições orais feitas por seus interlocutores','ggg','13','2016-01-21 16:58:49','2016-01-21 16:58:52'), ('48','Observar contrastes situacionais ligados aos resultados das tarefas executadas por sua equipe e fornecedores de serviços','ggg','13','2016-01-21 16:58:49','2016-01-21 16:58:52'), ('49','Expressar-se oralmente e por escrito com clareza, fluência e precisão','ggg','14','2016-01-21 16:58:49','2016-01-21 16:58:52'), ('50','Adaptar o discurso e a linguagem aos diversos tipos de interlocutores','ggg','14','2016-01-21 16:58:49','2016-01-21 16:58:52'), ('51','Ser assertivo na exposição das suas ideias, captando naturalmente a atenção dos outros','ggg','14','2016-01-21 16:58:49','2016-01-21 16:58:52'), ('52','Demonstrar respeito pelas opiniões alheias, ouvindo-as com atenção e valorizando-as','ggg','14','2016-01-21 16:58:49','2016-01-21 16:58:52'), ('53','Agir de forma comedida ou recatada, evitando chamar a atenção para si e vestir-se com sobriedade','ggg','15','2016-01-21 16:58:49','2016-01-21 16:58:52'), ('54','Dirigir-se com educação e decência às pessoas sem fazê-las constranger em determinado assunto e em qualquer situação','ggg','15','2016-01-21 16:58:49','2016-01-21 16:58:52'), ('55','Manter restrito ao ambiente de trabalho os assuntos tratados, formulações ou processos produtivos da empresa, considerando como segredo aos ambientes extenos','ggg','15','2016-01-21 16:58:49','2016-01-21 16:58:52'), ('56','Ponderar com seriedade, sensatez e criteriosamente, a abordagem dos assuntos profissionais tratados internamente','ggg','15','2016-01-21 16:58:49','2016-01-21 16:58:52'), ('57','Preparar-se antecipadamente face a situações ou trabalhos de especial complexidade técnica, procurando informação e estudando os assuntos em causa','ggg','16','2016-01-21 16:58:49','2016-01-21 16:58:52'), ('58','Analisar os dados, ponderar as diversas alternativas de resposta e propor soluções em tempo considerado útil','ggg','16','2016-01-21 16:58:49','2016-01-21 16:58:52'), ('59','Analisar de forma crítica e lógica a informação necessária à realização da sua atividade ou como suporte à tomada de decisão','ggg','16','2016-01-21 16:58:49','2016-01-21 16:58:52'), ('60','Fundamentar ideias e pontos de vista com base em coleta de informação, comparar dados de diferentes fontes e identificar a informação relevante para a sua atividade ou a de outros','ggg','16','2016-01-21 16:58:49','2016-01-21 16:58:52'), ('61','Redigir e descrever de forma clara, neutra e concisa relatórios e pareceres técnicos com o melhor indice de qualidade e confiança possível','ggg','17','2016-01-21 16:58:49','2016-01-21 16:58:52'), ('62','Utilizar-se de argumentos e conhecimentos com validade reconhecida para apresentar sugestões ou propostas e facilitar decisões','ggg','17','2016-01-21 16:58:49','2016-01-21 16:58:52'), ('63','Buscar atingir prazos metas ou cumprir tarefas ao qual se destina a intenção das orientações recebidas ou a serem repassadas à equipe','ggg','17','2016-01-21 16:58:49','2016-01-21 16:58:52'), ('64','Demonstrar praticidade e simplicidade na execução das tarefas recebidas e nas orientações às equipes','ggg','17','2016-01-21 16:58:49','2016-01-21 16:58:52'), ('65','Dar atenção às orientações recebidas dos superiores e colegas seniors','ggg','18','2016-01-21 16:58:49','2016-01-21 16:58:52'), ('66','Cumprir a realização das tarefas recebidas com maior nivel de precisão possivel','ggg','18','2016-01-21 16:58:49','2016-01-21 16:58:52'), ('67','Flexibilidade de soluções para atingir os resultados das tarefas recebidas','ggg','18','2016-01-21 16:58:49','2016-01-21 16:58:52'), ('68','Ler, compreender e aplicar soluções estabelecidas em manuais','ggg','18','2016-01-21 16:58:49','2016-01-21 16:58:52'), ('69','Assumir a responsabilidade pelo próprio desenvolvimento e crescimento de carreira','ggg','19','2016-01-21 16:58:49','2016-01-21 16:58:52'), ('70','Preocupar-se em atualizar os conhecimentos sobre matérias pertinentes aos negócios','ggg','19','2016-01-21 16:58:49','2016-01-21 16:58:52'), ('71','Transmitir confiança e credibilidade no discurso através de comentários pertinentes e fundamentados','ggg','19','2016-01-21 16:58:49','2016-01-21 16:58:52'), ('72','Apresentar uma postura profissional em todas as suas atividades profissionais','ggg','19','2016-01-21 16:58:49','2016-01-21 16:58:52'), ('73','Compreender o impacto do seu trabalho nas outras áreas da organização e levar isso em conta nas suas atividades diárias','ggg','20','2016-01-21 16:58:49','2016-01-21 16:58:52'), ('74','Demonstrar orgulho e lealdade à marca (por exemplo: vive os valores da empresa, elogia a empresa para outras pessoas)','ggg','20','2016-01-21 16:58:49','2016-01-21 16:58:52'), ('75','Procurar ativamente compreender o fluxo de trabalho entre a sua função e as responsabilidades de outras pessoas','ggg','20','2016-01-21 16:58:49','2016-01-21 16:58:52'), ('76','Demonstrar conhecimento da estrutura,missão e valores da empresa','ggg','20','2016-01-21 16:58:49','2016-01-21 16:58:52'), ('77','Decidir levando em conta cenários, ambientes, analises de dados e informações recebidas, demonstrando lógica, assertividade e coerência com os resultados a serem alcançados','ggg','21','2016-01-21 16:58:49','2016-01-21 16:58:52'), ('78','Utilizar o timing adequado às circunstâncias na tomada de decisão','ggg','21','2016-01-21 16:58:49','2016-01-21 16:58:52'), ('79','Considerar e antecipar as possíveis repercussões de uma decisão nos âmbitos pessoais, coletivo e organizacional, antes de divulgar','ggg','21','2016-01-21 16:58:49','2016-01-21 16:58:52'), ('80','Discernir o grau das decisões entre: Altamente importantes, importantes, medianamente importantes, pouco importantes e não importantes, estruturadas ou não','ggg','21','2016-01-21 16:58:49','2016-01-21 16:58:52'), ('81','Manter-se informado sobre as mudanças iminentes, de modo a avaliar potenciais efeitos sobre sua função e trabalho','ggg','22','2016-01-21 16:58:49','2016-01-21 16:58:52'), ('82','Conhecer o leque de produtos e serviços','ggg','22','2016-01-21 16:58:49','2016-01-21 16:58:52'), ('83','Procurar informação sobre as tendências do mercado','ggg','22','2016-01-21 16:58:49','2016-01-21 16:58:52'), ('84','Saber \"vender\" os produtos através da apresentação das suas características e mais-valias','ggg','22','2016-01-21 16:58:49','2016-01-21 16:58:52'), ('85','Gerir o autodesenvolvimento, participando de atividades educacionais, grupos de trabalho, pesquisas, etc, para disseminar novos conceitos e aportunidades ao negócio','ggg','23','2016-01-21 16:58:49','2016-01-21 16:58:52'), ('86','Conduzir a equipe com segurança, diante das mudanças a serem empreendidas ou impostas por contingência','ggg','23','2016-01-21 16:58:49','2016-01-21 16:58:52'), ('87','Utilizar, planejamento, organização, comando e controle nos processos de mudanças para garantir as adaptações necessárias à prosperidade da organização e suas atividades','ggg','23','2016-01-21 16:58:49','2016-01-21 16:58:52'), ('88','Identificar os pontos fortes e fracos que influenciem as ações diante de mudanças propostas ou contingênciais e novas oportunidades','ggg','23','2016-01-21 16:58:49','2016-01-21 16:58:52'), ('89','Utilizar a ferramenta com proficiência','ggg','24','2016-01-21 16:58:49','2016-01-21 16:58:52'), ('90','Estabelecer relações entre o conhecimento da ferramenta e a prática','ggg','24','2016-01-21 16:58:49','2016-01-21 16:58:52'), ('91','Saber ouvir e agir sobre a necessidades do cliente que demanda a tarefa','ggg','24','2016-01-21 16:58:49','2016-01-21 16:58:52'), ('92','Organizar e armazenar dados relevantes sobre a ferramenta','ggg','24','2016-01-21 16:58:49','2016-01-21 16:58:52');
INSERT INTO `dados_users` VALUES ('6','2','1','1','2016-01-08 15:54:00','2016-01-08 15:54:06'), ('7','3','1','2','2016-01-08 15:54:00','2016-01-08 15:54:06'), ('8','4','1','3','2016-01-08 15:54:00','2016-01-08 15:54:06'), ('9','5','1','4','2016-01-08 15:54:00','2016-01-08 15:54:06'), ('10','6','1','2','2016-01-08 15:54:00','2016-01-08 15:54:06'), ('11','7','1','4','2016-01-08 15:54:00','2016-01-08 15:54:06'), ('12','8','1','4','2016-01-08 15:54:00','2016-01-08 15:54:06'), ('13','9','1','2','2016-01-08 15:54:00','2016-01-08 15:54:06'), ('14','10','1','1','2016-01-08 15:54:00','2016-01-08 15:54:06'), ('15','11','1','2','2016-01-08 15:54:00','2016-01-08 15:54:06'), ('16','12','1','3','2016-01-08 15:54:00','2016-01-08 15:54:06'), ('17','13','1','2','2016-01-08 15:54:00','2016-01-08 15:54:06'), ('18','14','1','3','2016-01-08 15:59:26','2016-01-08 15:59:29'), ('19','15','1','4','2016-01-08 15:54:00','2016-01-08 15:54:06'), ('20','16','1','2','2016-01-08 15:54:00','2016-01-08 15:54:06'), ('21','17','1','2','2016-01-08 15:54:00','2016-01-08 15:54:06'), ('22','18','1','1','2016-01-08 15:54:00','2016-01-08 15:54:06'), ('23','19','1','2','2016-01-08 15:54:00','2016-01-08 15:54:06'), ('24','20','1','3','2016-01-08 15:54:00','2016-01-08 15:54:06'), ('25','21','1','3','2016-01-08 15:54:00','2016-01-08 15:54:06'), ('26','22','1','4','2016-01-08 15:54:00','2016-01-08 15:54:06'), ('27','23','1','2','2016-01-08 15:54:00','2016-01-08 15:54:06'), ('28','24','1','3','2016-01-08 15:54:00','2016-01-08 15:54:06'), ('29','25','1','4','0000-00-00 00:00:00','0000-00-00 00:00:00');
INSERT INTO `departamentos` VALUES ('1','TI','Descrição do cargo do programador','1','2016-01-03 13:59:30','2016-01-04 20:06:26'), ('5','Comercial','Este e o departamento do comercial','1','2016-01-04 17:07:24','2016-01-04 17:50:57'), ('6','Administrativo','Departamento da administração','1','2016-01-04 17:08:37','2016-01-04 17:08:37'), ('7','Designer','Departamento do designer','1','2016-01-04 17:08:38','2016-01-04 17:50:30');
INSERT INTO `departamento_cargos` VALUES ('1','1','2','2016-01-08 15:52:53','2016-01-08 15:52:57'), ('2','5','2','0000-00-00 00:00:00','0000-00-00 00:00:00'), ('3','6','3','0000-00-00 00:00:00','0000-00-00 00:00:00'), ('4','7','4','0000-00-00 00:00:00','0000-00-00 00:00:00');
INSERT INTO `empresas` VALUES ('1','ConQuist','RJ','Rio de Janeiro','(21) 99999-9999','webmaster@conquist.com.br','2016-01-03 15:49:37','2016-01-03 15:49:37');
INSERT INTO `migrations` VALUES ('2014_10_12_000000_create_users_table','1'), ('2014_10_12_100000_create_password_resets_table','1'), ('2016_01_03_142211_create_empresas_table','1'), ('2016_01_03_144010_create_departamentos_table','1'), ('2016_01_03_145132_create_cargos_table','1'), ('2016_01_03_151218_add_empresa_to_users_table','1'), ('2016_01_03_152857_create_roles_table','2'), ('2016_01_03_153101_add_role_to_users_table','2'), ('2016_01_03_153930_add_cidade_to_empresas_table','3'), ('2014_04_24_110151_create_oauth_scopes_table','4'), ('2014_04_24_110304_create_oauth_grants_table','4'), ('2014_04_24_110403_create_oauth_grant_scopes_table','4'), ('2014_04_24_110459_create_oauth_clients_table','4'), ('2014_04_24_110557_create_oauth_client_endpoints_table','4'), ('2014_04_24_110705_create_oauth_client_scopes_table','4'), ('2014_04_24_110817_create_oauth_client_grants_table','4'), ('2014_04_24_111002_create_oauth_sessions_table','4'), ('2014_04_24_111109_create_oauth_session_scopes_table','4'), ('2014_04_24_111254_create_oauth_auth_codes_table','4'), ('2014_04_24_111403_create_oauth_auth_code_scopes_table','4'), ('2014_04_24_111518_create_oauth_access_tokens_table','4'), ('2014_04_24_111657_create_oauth_access_token_scopes_table','4'), ('2014_04_24_111810_create_oauth_refresh_tokens_table','4'), ('2016_01_05_005649_create_dados_users_table','5'), ('2016_01_05_010620_add_departamento_to_users_table','6'), ('2016_01_05_155557_create_competencias_table','7'), ('2016_01_05_161547_create_comportamentos_table','8'), ('2016_01_05_162742_create_respostas_table','9'), ('2016_01_05_170027_create_resposta_comportamentos_table','10'), ('2016_01_06_010312_create_avalicaos_table','11'), ('2016_01_08_151919_create_departamento_cargos_table','12'), ('2016_01_08_152508_excluirforeing','13'), ('2016_01_08_162110_create_tipo_avaliadors_table','14'), ('2016_01_12_175304_create_avalicao_users_table','15'), ('2016_01_18_121803_create_tipo_compencias_table','16'), ('2016_01_18_122822_create_comportamento_tipos_table','17');
INSERT INTO `oauth_access_tokens` VALUES ('044U7IVgAxqe822yPLxtJJcEFi8kIh6YwfE4JUuX','399','1452793345','2016-01-14 14:42:25','2016-01-14 14:42:25'), ('0cmvIsVS9gt3iyHSiPRxmVUUxZmkWmANlUkwKiDe','190','1452016489','2016-01-05 14:54:49','2016-01-05 14:54:49'), ('0DGubxV7w6VdiXxQaMSLUODuP5lSQud7up7raWG4','104','1451939926','2016-01-04 17:38:46','2016-01-04 17:38:46'), ('0gKAp5gqNyag7891vLBHLB88sVPClFUPfrWTfitB','444','1452811120','2016-01-14 19:38:40','2016-01-14 19:38:40'), ('0lDD85a4YOT1uktsSm5rdGOx1fnFPXU2iVlnmIjY','144','1451952761','2016-01-04 21:12:41','2016-01-04 21:12:41'), ('0N1WKnvsHirwe4wpUPZDWsSlnMhd5HL3qJpOW7pZ','158','1451954718','2016-01-04 21:45:18','2016-01-04 21:45:18'), ('0ouVFFq3R8uEWdPvvcNgUPuSXHcjdB2cZcbngB3C','182','1451971828','2016-01-05 02:30:29','2016-01-05 02:30:29'), ('0RYb61zbspfQ6PGXGOLUtOE29nB5dyb8Oj3NgUuO','34','1451880165','2016-01-04 01:02:45','2016-01-04 01:02:45'), ('0XCKTDgRvUx7EQfri6QYvuLEUMUowGbftacGlKP5','456','1452871896','2016-01-15 12:31:36','2016-01-15 12:31:36'), ('0xMa4NrtyUz7Ncc0A6djnW2hEfV5JQQGfBFGmQey','380','1452715072','2016-01-13 16:57:52','2016-01-13 16:57:52'), ('1DICQtUiJw3QCl0hAgSO10WSi71S2gZE9QMU8Q2y','35','1451880167','2016-01-04 01:02:47','2016-01-04 01:02:47'), ('1fLzjJ4hXsbvmgiRd7zWysXuE3FlJSGkFQE2mMnS','187','1452016278','2016-01-05 14:51:18','2016-01-05 14:51:18'), ('1GqAjmzQYeVW4fELqzd5oe1XR1XeC9MrNj9QPzt8','154','1451954407','2016-01-04 21:40:07','2016-01-04 21:40:07'), ('1GWyYCafQbiUYvCZCa6Bj3zWzrERRQjtTDkjLoBp','383','1452715778','2016-01-13 17:09:38','2016-01-13 17:09:38'), ('1oO2chT4Ndw9gSxJMd0WKCAXeUnMrOfYuEeAhlCI','337','1452282219','2016-01-08 16:43:39','2016-01-08 16:43:39'), ('1REFTrbptAtixpOsNFndanhi65GE5TPg0FcfSO2f','115','1451944087','2016-01-04 18:48:07','2016-01-04 18:48:07'), ('1tOqxIEA7frrmViY5545MaEojBDx3u7Jv38emUgU','37','1451880312','2016-01-04 01:05:12','2016-01-04 01:05:12'), ('1Tqet9ErIm2ScKybzWE01KF3BLDy2oKfogOIzSaY','249','1452107616','2016-01-06 16:13:36','2016-01-06 16:13:36'), ('2d6awvptBF3SL3DMMMJOwH5uOpp7PJ6c36V50CEm','72','1451914198','2016-01-04 10:29:58','2016-01-04 10:29:58'), ('2f58J2UL1II2qKjsPjyY63axzUD1Rqczb38apyc9','413','1452798937','2016-01-14 16:15:37','2016-01-14 16:15:37'), ('2Uox88xIZ1kVsmfUSYFwaxY8IlJq6CU6TTz3dKE6','111','1451943772','2016-01-04 18:42:52','2016-01-04 18:42:52'), ('2UqiJH9HxLJ3JI2TidWZDOyNxreD9BkQ3jjyUhU7','65','1451911461','2016-01-04 09:44:21','2016-01-04 09:44:21'), ('2vm6ILk4N7DpimXgADbvD6D8AK3CDY2snUpbICRk','278','1452188603','2016-01-07 14:43:23','2016-01-07 14:43:23'), ('2VNvF6QQhhJqjhNyZmfnD0CCqwbCMCVn2u7kCqwZ','84','1451925943','2016-01-04 13:45:43','2016-01-04 13:45:43'), ('2z0CuThjjir0RQoimVmdQmggXSPFD2bOGphznvEL','478','1453132026','2016-01-18 12:47:06','2016-01-18 12:47:06'), ('31Ufot46xsUQQ2UUjTqvHHONCa3brDiF4smbb0nc','221','1452101598','2016-01-06 14:33:19','2016-01-06 14:33:19'), ('353rosYMsxGxTXNAm69aanNigLJkXeOxZTJFZuro','82','1451925238','2016-01-04 13:33:58','2016-01-04 13:33:58'), ('38oNAXbswALP2zRtLOUGKeyMmn6LH9toObnhQ6FM','267','1452112796','2016-01-06 17:39:56','2016-01-06 17:39:56'), ('3aqXrrzpCbplgjWivi85RqKz6YStCj369acwM1gQ','222','1452101662','2016-01-06 14:34:22','2016-01-06 14:34:22'), ('3Di3c859vTmY4n9hQayd9zGHIcSiEMPdDLoo3E8M','227','1452103673','2016-01-06 15:07:53','2016-01-06 15:07:53'), ('3eodv5PS4VWrvgZPB64dUZPYGMiQ4rKAoH3888ia','17','1451876828','2016-01-04 00:07:08','2016-01-04 00:07:08'), ('3F6Jlf5d18XDcHdhNfnEvQX4QlU2MOrxVgtT0QYL','125','1451947708','2016-01-04 19:48:28','2016-01-04 19:48:28'), ('3gPZkEHKcQU4qX60s0wTlTJ7if7RogXbzSMXSiiF','156','1451954409','2016-01-04 21:40:09','2016-01-04 21:40:09'), ('3pZuW5Smnhuk4gwXzPieWBf1NgLrPRmdJC0qTWfQ','172','1451962262','2016-01-04 23:51:02','2016-01-04 23:51:02'), ('3SEQzqJzOonLV7dJ4qj3Au7R3zngRL2Cr0vTTvXG','103','1451939206','2016-01-04 17:26:46','2016-01-04 17:26:46'), ('4bfkFpFxXEPVt73qcTAX2fPsmp8M4GSAwkqj3beL','376','1452698772','2016-01-13 12:26:12','2016-01-13 12:26:12'), ('4oCGIjr1SrAYmOUkoeDQTEZiFTnfMMbyLMpj4gJh','255','1452108411','2016-01-06 16:26:51','2016-01-06 16:26:51'), ('4sJSm2IOw82lWdRUAvQmLszlWolQWhdVMb2suZaM','141','1451951069','2016-01-04 20:44:29','2016-01-04 20:44:29'), ('4WUtoWAhREVYCVeUeocVVnLcMWkf03A8jnWnrvr9','137','1451950637','2016-01-04 20:37:17','2016-01-04 20:37:17'), ('4YfMmDPI4ywjlWlI3l18sSvLxMyVcDuiCFZrwSvB','1','1451857458','2016-01-03 18:44:18','2016-01-03 18:44:18'), ('5Dkyf2hub5urZ9UYL4klAjfYUSQBHjuJQhfME0OW','259','1452108906','2016-01-06 16:35:06','2016-01-06 16:35:06'), ('5GNWUVbj6M4U83KykPqsCqeBEuGpctfVqkeIPtSj','204','1452058815','2016-01-06 02:40:15','2016-01-06 02:40:15'), ('5h48zreH6EeHHqJYYZtAhbDy6GOxFs9wWrWnYIfy','296','1452272329','2016-01-08 13:58:49','2016-01-08 13:58:49'), ('5NA6FeDGrL6ROviZGkAVOo2Tp0lCOoNF4oWk4hdM','486','1453133554','2016-01-18 13:12:34','2016-01-18 13:12:34'), ('5OmzdOJAt6Owqjp2KYmZMR4dk7LB1OnUSpqdw5Vr','314','1452274843','2016-01-08 14:40:43','2016-01-08 14:40:43'), ('5uLBvsJseRlOycOY3uW9kYTxl2fGT26nWwgV4GAj','247','1452107248','2016-01-06 16:07:29','2016-01-06 16:07:29'), ('5yw5UFPyxS7OILIv4JRiCNRX98wr0BoBRhcv9LbI','240','1452106393','2016-01-06 15:53:13','2016-01-06 15:53:13'), ('5zU2j28GNsfJmH9bN6jIZndyujl2IRm6MGngt3gU','425','1452803766','2016-01-14 17:36:07','2016-01-14 17:36:07'), ('64yXZcniLsHlr11LhhxHvQ9JKaeIH2Y8oL3a8yf6','100','1451938858','2016-01-04 17:20:58','2016-01-04 17:20:58'), ('66t25vSkkfabDVZMIlSEgVdgnYra9frZGA0No7wa','74','1451915698','2016-01-04 10:54:59','2016-01-04 10:54:59'), ('6CTwRsTSHYb0lfnX6DQC8zNwbtTmRYS6J5OPKsTH','28','1451879180','2016-01-04 00:46:20','2016-01-04 00:46:20'), ('6HIurQKfmDUhIkhESX6cP0Y9HUtImvvVN7CBo0yM','257','1452108553','2016-01-06 16:29:13','2016-01-06 16:29:13'), ('6IYVDYCZPYyIYw9aXMRJH8ngxmI2CNw5Ui629yQA','416','1452799744','2016-01-14 16:29:05','2016-01-14 16:29:05'), ('6keDwQIOmK0WNtjS0RdmSpmETSALtd25LwWyrGO5','238','1452106122','2016-01-06 15:48:42','2016-01-06 15:48:42'), ('6lHuiYio6kA8fXAA2UavdmifDTaCOGMR3y7QG4zp','352','1452285699','2016-01-08 17:41:39','2016-01-08 17:41:39'), ('6pGQBNqZ5dRzJeB9CNCvCOxNTFbSDFLgqDzdl4Qi','410','1452797126','2016-01-14 15:45:26','2016-01-14 15:45:26'), ('6qfr9BrP9Ds60MTT6ObpMNqxH8mB7n8Qx6LJbL35','180','1451968936','2016-01-05 01:42:16','2016-01-05 01:42:16'), ('6y2XWrdtxSBIDqbfR5L6drjBOitmQ2quM75bDWR6','29','1451879316','2016-01-04 00:48:36','2016-01-04 00:48:36'), ('788u0OsxLhOLMxmCjWoGQx61KxLUhRcUgn759HPZ','58','1451908608','2016-01-04 08:56:48','2016-01-04 08:56:48'), ('7ayM8Ak5lzJbLjngd6sDGN5fEJ2POkh1w7vnXYk4','87','1451928269','2016-01-04 14:24:29','2016-01-04 14:24:29'), ('7DCtLOEvcqId8RzfM72XV6yAbXuJJXhoQu7yPCjj','307','1452274025','2016-01-08 14:27:05','2016-01-08 14:27:05'), ('7gnwqQyJnrsGQeqAjEgNpt1lAWyFjZWPTowadacB','181','1451971657','2016-01-05 02:27:37','2016-01-05 02:27:37'), ('7i3lDskPdDoxMd6cvQHJHvXhp23C5oKZzz2Gvret','458','1452872343','2016-01-15 12:39:03','2016-01-15 12:39:03'), ('7x3wXOIn3k6WXnQoVFYEIpMJFIdaK04nf41rRg8f','174','1451963058','2016-01-05 00:04:18','2016-01-05 00:04:18'), ('80L8AtxRh1NPtIgQxtUFIbOFZdkV8ZJTARJI3rLa','390','1452782963','2016-01-14 11:49:23','2016-01-14 11:49:23'), ('8137EKesA0ChZh5RBXFgkzzFUyUHIjBeAF1LstBf','491','1453413454','2016-01-21 18:57:34','2016-01-21 18:57:34'), ('8399JtxQuW39CgU1wqul4qKwERFPvyjhZeTjqLhn','408','1452797017','2016-01-14 15:43:37','2016-01-14 15:43:37'), ('86HBWhQe7f5RdOqGLWHn5UqYhJ1CxHpv3joyfzyE','76','1451916573','2016-01-04 11:09:33','2016-01-04 11:09:33'), ('8a4lqPojfkRv77Dj7teLgSrh3SkDRU9gCo0m8lrw','46','978312483','2000-12-31 22:28:04','2000-12-31 22:28:04'), ('8bcvAeqoFuYZA8pWURUZ2VOwCyUKfLZAQV1h4OnY','470','1452875213','2016-01-15 13:26:54','2016-01-15 13:26:54'), ('8DRMyEA49fUhUxlEs0HaECXRjJ03jsDr8SYxHQDL','106','1451940402','2016-01-04 17:46:42','2016-01-04 17:46:42'), ('8ehcuLh55jFis9rW9nWah0klOwP97oqOS563MiAb','349','1452285100','2016-01-08 17:31:40','2016-01-08 17:31:40'), ('8hAHnMdFZGiFKyKq7mW1JPn8bpkXGbjQW2g7sQJB','166','1451957626','2016-01-04 22:33:46','2016-01-04 22:33:46'), ('8Hc5rTfr2ztAwz8ExGpx9xdsVHSKhqJTDnY3uKm1','405','1452796587','2016-01-14 15:36:27','2016-01-14 15:36:27'), ('8PmCoQ8HylCpbxThBEQo7zE0kyExJzkxCecpiD84','53','1451906639','2016-01-04 08:23:59','2016-01-04 08:23:59'), ('8qN8KT1CmEg1AspXMEBed9l1pV5lZgusWgx7nGoS','322','1452275405','2016-01-08 14:50:05','2016-01-08 14:50:05'), ('8qx9ido0moUYzxJCZDvf77GbI8RBQDpzQgtgj9xO','442','1452810543','2016-01-14 19:29:03','2016-01-14 19:29:03'), ('8TGxRUNqj2nI67fz1NbUNyy0n3Q05GE2hJY03Dx2','50','978313612','2000-12-31 22:46:52','2000-12-31 22:46:52'), ('8TWI6OEfz89ELh66cN7nPP2Dp0441qqLSErC0rTD','473','1453128274','2016-01-18 11:44:34','2016-01-18 11:44:34'), ('8WsdUjhG0nvjRhXZSNdbC5XCY74eFNbKltgTkeFK','188','1452016338','2016-01-05 14:52:18','2016-01-05 14:52:18'), ('8XMIagE5kAjLLoYj8w0DjfhMKZvSzIx1Msg9FBKj','66','1451911753','2016-01-04 09:49:13','2016-01-04 09:49:13'), ('8y2Oj5Esh6bJuGwvtPF7V3xNA5z03ztlMrQ1MzLC','140','1451951068','2016-01-04 20:44:28','2016-01-04 20:44:28'), ('96KIXxTrqObswbEOzm5eNbAF1ojfkdslaV52D1Cq','244','1452106786','2016-01-06 15:59:46','2016-01-06 15:59:46'), ('9Bh516euurpeJKcaTCTXEZCe4EFgWd44C6xEQAmg','153','1451954174','2016-01-04 21:36:15','2016-01-04 21:36:15'), ('9lInG3sOFMMBYNMqmE01SMCoXNfcTR7Y0iDEmJBd','439','1452809167','2016-01-14 19:06:07','2016-01-14 19:06:07'), ('9M4IjGmAiFU4WWzx1iyfCOdJOPOboJzQ3zMfwHW6','30','1451879416','2016-01-04 00:50:16','2016-01-04 00:50:16'), ('9NPmBpm2da3dgLwVwEocoshFcWUeaG26gjS8qaMa','367','1452625333','2016-01-12 16:02:13','2016-01-12 16:02:13'), ('9rgKihw7X7lENBqnyq4FC2q38MCPlQ4ThJLvCsGm','14','1451875774','2016-01-03 23:49:34','2016-01-03 23:49:34'), ('9VeY2rMk3Dc9qRqSnCq3ApGdBppp1hqSPTYAWx6K','229','1452104890','2016-01-06 15:28:10','2016-01-06 15:28:10'), ('9wmCrA2kNFEmO6eutypR1i8aQrCoV3fasXBFwndO','218','1452098827','2016-01-06 13:47:07','2016-01-06 13:47:07'), ('A2ATEwNpAHJTPv2iXHTw0DqS3GmUxNu1e4QxIwAV','220','1452099972','2016-01-06 14:06:12','2016-01-06 14:06:12'), ('A2GmrnQvWcfGLdxbCYN1FzF0sJI5ONCeM8b3k48t','429','1452805090','2016-01-14 17:58:10','2016-01-14 17:58:10'), ('a4tUHAyC4rm8X3VCY4zNaDyqrJ00HnVGppkesRA0','92','1451935418','2016-01-04 16:23:38','2016-01-04 16:23:38'), ('A6H1SnDF2M55um0RciaGMyutGYcwrHOTZcIHIuKT','246','1452106826','2016-01-06 16:00:26','2016-01-06 16:00:26'), ('AEScRxi0oOgLm6sBnrimso7suLC7RndyNsMPXdS3','471','1452881424','2016-01-15 15:10:24','2016-01-15 15:10:24'), ('aG17x6C9Iy4HAqgI5pmZYPU565Of5CDA22GGdOm4','225','1452103361','2016-01-06 15:02:41','2016-01-06 15:02:41'), ('aIk2FP2dR9pIRcnNve668axvDjL0s15kfiBFepvK','143','1451952433','2016-01-04 21:07:14','2016-01-04 21:07:14'), ('AiKR87oy85GubkPUbDjurP2YXK2niKC0MBDKrI8W','102','1451939086','2016-01-04 17:24:46','2016-01-04 17:24:46'), ('Aiw3bbp6cIEeBbMKS9IVVoM01IJYEbB7ow7h93ee','401','1452794775','2016-01-14 15:06:15','2016-01-14 15:06:15'), ('aIykn0pkA0jQKjdTTysrSOi42JEVFCpocwWIslEH','347','1452284621','2016-01-08 17:23:41','2016-01-08 17:23:41');
INSERT INTO `oauth_access_tokens` VALUES ('AmAfff0GN0blPH1T1vFXHHasYGzAc0awQtJzoPVW','38','1451881323','2016-01-04 01:22:03','2016-01-04 01:22:03'), ('amQPc2iIEvYyUVdr371iDRU7yiCkCT2BJSLmfA6W','406','1452796746','2016-01-14 15:39:06','2016-01-14 15:39:06'), ('aNEr6QCP2W6gOihwPdkbhhJub0xLlaqkA1vtEX7K','194','1452055768','2016-01-06 01:49:28','2016-01-06 01:49:28'), ('aoZ1LjxheutdQadbKyjbK9bOXqdNOYoOR1KvUnyu','320','1452275260','2016-01-08 14:47:40','2016-01-08 14:47:40'), ('AtFwCdRcGVUw9tfd3UTO34r5VPuBrsr0YvmBEjS7','52','978313922','2000-12-31 22:52:02','2000-12-31 22:52:02'), ('AWheFGWiAowO5OO9fVV7EgBREodZ99X0vbijOWIC','391','1452783032','2016-01-14 11:50:32','2016-01-14 11:50:32'), ('aXJgFaFxLyQy9aMwCnhkRZuUYhCJcy5HhqmTjtAD','489','1453388423','2016-01-21 12:00:24','2016-01-21 12:00:24'), ('aXQF7Sex91JePm1uyDrmPGkSnrztCh3u5CuslYju','448','1452811569','2016-01-14 19:46:09','2016-01-14 19:46:09'), ('aYdVyalMUfIRbel4uMrvFR7bjsjEFd0sPoTF6Bek','138','1451950744','2016-01-04 20:39:04','2016-01-04 20:39:04'), ('b6UgndSOFn2gSSO2r2c0FrQML8mbfOkgVPEN0oFv','108','1451941785','2016-01-04 18:09:45','2016-01-04 18:09:45'), ('b8GWB5lARxAwjmEKGxQtLHJrq9hJtmKEOUy1FDRt','212','1452060459','2016-01-06 03:07:39','2016-01-06 03:07:39'), ('bBYdyhwBqs42xELylkofir2cNmR7JMLj3wf4BMKM','393','1452783244','2016-01-14 11:54:04','2016-01-14 11:54:04'), ('bgDmQIDUuS3aWHw6b4gtFIAg0vqJ9MOmYa2ki54O','97','1451936834','2016-01-04 16:47:14','2016-01-04 16:47:14'), ('BghdDmIn0VbLpG6gKNtDgvyZueg0iJFr62SWwf1D','151','1451953541','2016-01-04 21:25:41','2016-01-04 21:25:41'), ('BHuAmFVqBA7m6AitonvP5mwABJJdP0b8C7EUu4VX','256','1452108442','2016-01-06 16:27:22','2016-01-06 16:27:22'), ('BHvwpGLjadG1TgsJVd6JIVxKobdWWpsahI0PeSSl','285','1452266630','2016-01-08 12:23:50','2016-01-08 12:23:50'), ('bUA7GBn0ghDy79FU8QcjPayogi3EwCgZGssrQbHE','381','1452715275','2016-01-13 17:01:15','2016-01-13 17:01:15'), ('Bv2qfOlsXxgra1N5DJ5b2epApzGvU6MjnFNl5Zqc','395','1452790561','2016-01-14 13:56:01','2016-01-14 13:56:01'), ('BY14HmrQU4HuG4a94N493IRmfUXa9N3q3XTvkmt2','421','1452802339','2016-01-14 17:12:20','2016-01-14 17:12:20'), ('BYpeUQpo3HElZ9Fga0KWnIHaQnpVTwltdaqk3uBU','281','1452264552','2016-01-08 11:49:12','2016-01-08 11:49:12'), ('bzxdMoA31652EnKd8c6k1nj1SstpE2maWG3NbpEn','355','1452285983','2016-01-08 17:46:23','2016-01-08 17:46:23'), ('CFPWuzxF2Ci62bqORz1lB0YpCKOyc72A0ncmIBkH','224','1452103283','2016-01-06 15:01:23','2016-01-06 15:01:23'), ('CftbDCIQUV0HoKMPBMRSgOBUDoPqoMUtOHz64Zif','403','1452795261','2016-01-14 15:14:21','2016-01-14 15:14:21'), ('cHG4yePXcuBNaeLlpTSe6PNnNNalgO2ZcFwl3R10','454','1452871495','2016-01-15 12:24:55','2016-01-15 12:24:55'), ('cjsLm9s1kn2gNVjjDnTpu1qK4JjIS0ZZWbJRNy5D','290','1452271148','2016-01-08 13:39:08','2016-01-08 13:39:08'), ('cLq6X44MwluFbLUBAKn4ZsYxaJILzjuyutBW65ZX','99','1451938415','2016-01-04 17:13:35','2016-01-04 17:13:35'), ('CLSwfYCwUi7qyZbuqhHEY7P6kYLligRx0pkXubBb','162','1451956467','2016-01-04 22:14:27','2016-01-04 22:14:27'), ('cmKrffeUfxsjUbZAJKpHzcuP6T8Layhuk48BnFwd','446','1452811310','2016-01-14 19:41:51','2016-01-14 19:41:51'), ('CMorDoEYPtRTAQ7KXQ3maNleZC4czFeA8SMsWHMO','364','1452625027','2016-01-12 15:57:07','2016-01-12 15:57:07'), ('coGGHbGaMyBpyrq3AXAXd3JXYbBdx5MvxkL9yrnL','443','1452810848','2016-01-14 19:34:08','2016-01-14 19:34:08'), ('cPP4H3MhK0STIbaFF1h2cd2UifpoaKBf4awJHzEI','207','1452059370','2016-01-06 02:49:30','2016-01-06 02:49:30'), ('cq0wVdJSdAeQDiEvIdUhw34NFUTVrZkHeSIzIjnV','59','1451908834','2016-01-04 09:00:35','2016-01-04 09:00:35'), ('cQiB1LbcyMphAA525QuCXfzc4DLwbvOgt7hyC0M6','388','1452782882','2016-01-14 11:48:02','2016-01-14 11:48:02'), ('Cw5SmgAmlhg6aeUMG6t13PScsYLY90MtmqRhE1Pe','183','1451972136','2016-01-05 02:35:36','2016-01-05 02:35:36'), ('D3b8VTF2ryP8Fhk2ZQUDeSO61Ed7uYoY9ow73cw6','495','1453479063','2016-01-22 13:11:03','2016-01-22 13:11:03'), ('d5gd0lx8RgkosljmNpxnFmQsaM8zcn9FGUT7iD4b','271','1452113501','2016-01-06 17:51:41','2016-01-06 17:51:41'), ('d7DVU0stPQ5S2iprExw95jgvK8RG1SrkdpPWRhBD','83','1451925845','2016-01-04 13:44:05','2016-01-04 13:44:05'), ('DeUnnA2ooq44ppEUleVmlo3qltfWdNBzdtrUcCPf','49','978313087','2000-12-31 22:38:07','2000-12-31 22:38:07'), ('DFzyqqnezwIW0dALVvWTCGPr644iKbOFak4vEkIb','467','1452874785','2016-01-15 13:19:45','2016-01-15 13:19:45'), ('dGh2gpkNV2Qpk6VmFQllCtDsKqRk6ZUxcdZLaSEO','150','1451953386','2016-01-04 21:23:06','2016-01-04 21:23:06'), ('dgQpS3zODpvZ5RcuRQoImKQuMWXLcgQKuW2Kj2PN','86','1451927267','2016-01-04 14:07:48','2016-01-04 14:07:48'), ('dJPnO5wsihOrOtaKXN1GZeRCzfpK0ha8vQq7aXRJ','40','1451881816','2016-01-04 01:30:16','2016-01-04 01:30:16'), ('dLBvgvKMB28SwSQVqJb17xNw8VIH1N180hCNfkhC','300','1452272892','2016-01-08 14:08:12','2016-01-08 14:08:12'), ('dlDgSZ660oA0l8B40rlNOJuBXWyJuT7aXgVHiUDl','254','1452108143','2016-01-06 16:22:23','2016-01-06 16:22:23'), ('dnXiMGX7KRMOq5BhhxgWd6f29Bl2vvSdvlXYY0Fk','91','1451935333','2016-01-04 16:22:13','2016-01-04 16:22:13'), ('dSsMoVYucRzjUXqWLF6ZoI7Ahwx7oMaFZvlf1Eaw','196','1452056008','2016-01-06 01:53:28','2016-01-06 01:53:28'), ('DTw7tRnJ7dqTer433JLitSft8NkdPlIICf7VGuve','199','1452056999','2016-01-06 02:10:00','2016-01-06 02:10:00'), ('dumUusJZNz9dbpK0ad1HW9xghc4wYirgTZFbmIeZ','379','1452714663','2016-01-13 16:51:03','2016-01-13 16:51:03'), ('dvzqQbdbTyh6MY0k0m5B6cUxGP7Yfs3hW7l38Uao','68','1451912286','2016-01-04 09:58:06','2016-01-04 09:58:06'), ('DWKVXmQED9qRlRjuGPQXIuC1suVXvuMy3AaH1csf','432','1452807275','2016-01-14 18:34:36','2016-01-14 18:34:36'), ('DXQnbEOgyAk2iI7ShgBUmR1qOnNnAaZ4KcXfFKIf','62','1451910335','2016-01-04 09:25:35','2016-01-04 09:25:35'), ('e1kfh69qBRHBVOuAwaVtOLYw8C5nWiEE4OIkgvUY','424','1452803011','2016-01-14 17:23:31','2016-01-14 17:23:31'), ('e2jixxyTKOUZWuCY7IxsDlANMa8imV7HXzo7TbGk','440','1452809317','2016-01-14 19:08:38','2016-01-14 19:08:38'), ('E8PQdBK2b2c4l3vskmmT77INEQeaDiVq9aUmQcVv','366','1452625243','2016-01-12 16:00:43','2016-01-12 16:00:43'), ('ebIwxIX691mzDHvLQJTb9LIUlE25uvI8PAMpP7qh','396','1452791095','2016-01-14 14:04:55','2016-01-14 14:04:55'), ('Ec7fUp9ogwxLgajNwClM4XPX7laUlBBZxsh5AXSD','428','1452805031','2016-01-14 17:57:11','2016-01-14 17:57:11'), ('EffXoXNXYjOLC6C90q2XUkeZf3FJXgKRWY4saWie','33','1451880077','2016-01-04 01:01:17','2016-01-04 01:01:17'), ('EGe8Spz7QOdRireDqohzxNOkCt44sl0rmMjc7XlK','369','1452625515','2016-01-12 16:05:15','2016-01-12 16:05:15'), ('EJccFDLsK1YvVMJMKAIReBPZq7ohqae1XlNeVXUM','436','1452808409','2016-01-14 18:53:29','2016-01-14 18:53:29'), ('eK1VHm4lsw1FRHcgoPELqwqYtiamTXRQrYgRws3f','113','1451943961','2016-01-04 18:46:01','2016-01-04 18:46:01'), ('Ek6RQRWYyMEJKZY7mppcxUk6uZbgVnoBKuFkDaRD','450','1452867672','2016-01-15 11:21:12','2016-01-15 11:21:12'), ('EO0EgajlNKG8P1jSY2eSbfsdnSSsPQ2CFm4mNONi','431','1452805589','2016-01-14 18:06:29','2016-01-14 18:06:29'), ('eOLUxmKsoByRWQvpDO0xHma8k0lY4pZzy1aUqrZB','200','1452057570','2016-01-06 02:19:30','2016-01-06 02:19:30'), ('EOQ1dsb0FFYpcZReR9s6MfqHlLA43ceCJUIndLss','419','1452800128','2016-01-14 16:35:28','2016-01-14 16:35:28'), ('ergij95xs3arGEXLgK2NNEhhgJGquO2lHPDP1TRS','210','1452060115','2016-01-06 03:01:55','2016-01-06 03:01:55'), ('EThfFqhRxj2V1amEtrkfLvfyAAyOL6F8ZCr9ypFy','139','1451950955','2016-01-04 20:42:35','2016-01-04 20:42:35'), ('eX8zDTtzWYwuKFrLNFeV8tPiR9r7PsuwwHE6Pyar','264','1452109789','2016-01-06 16:49:50','2016-01-06 16:49:50'), ('Exc1M6F6DRaZDbux7CxUgjXez314FwH6yUn7bvrB','250','1452107722','2016-01-06 16:15:22','2016-01-06 16:15:22'), ('EykilZJSzPt8iLOg5SjUiViZVN3Xs5ILNykJLaEq','186','1452016202','2016-01-05 14:50:02','2016-01-05 14:50:02'), ('F1QjilS5PTHI1rM5Wwuo4j005SviZ2HjquAI6SMX','96','1451936198','2016-01-04 16:36:38','2016-01-04 16:36:38'), ('f2CAqBPFUYN93Mz6MiA4WqMqPl3imLkFB6jZDXU7','7','1451860452','2016-01-03 19:34:12','2016-01-03 19:34:12'), ('F2metbfzlqwjLaly1hzgPVFolOgMXDeuq0950qlq','480','1453132195','2016-01-18 12:49:55','2016-01-18 12:49:55'), ('F7pKxWEJfPjzr5wNCBzWMAlVKRqoNGWGhKVq6z0S','3','1451858401','2016-01-03 19:00:01','2016-01-03 19:00:01'), ('F875AEWdQvzzFQl4CVdGjdQ4gPqLaltq77t6sniG','252','1452107939','2016-01-06 16:18:59','2016-01-06 16:18:59'), ('F8Xi5DZG6zw51SMtl660DlDxcYoDNXGqJmYmBpC9','329','1452276585','2016-01-08 15:09:45','2016-01-08 15:09:45'), ('fCi2VqbNEqKomufJMhr9T9t2Pr3PoaQREIOGNRyx','482','1453132668','2016-01-18 12:57:48','2016-01-18 12:57:48'), ('fciFWCuLEKRIFlcjOi69wzHHvu1mh7367fPOjaYM','434','1452808196','2016-01-14 18:49:56','2016-01-14 18:49:56'), ('feOUTG9jqW3nt3XuiFy5CXjZnDxHi0dLNKE9GyOS','90','1451935154','2016-01-04 16:19:14','2016-01-04 16:19:14'), ('fNET5UNpR01o8yZ6hA9ctHdQ8Kc54NJ3rnLJnf9N','184','1452002522','2016-01-05 11:02:05','2016-01-05 11:02:05'), ('fPHc6pMnDs7uh4rzpy0QL58LeJRq0oJzlZlr16Ep','234','1452105857','2016-01-06 15:44:18','2016-01-06 15:44:18'), ('frX3JOtGIlzKieVPPxnsc7UQNa6oG6QVyDoxO0hb','265','1452110699','2016-01-06 17:04:59','2016-01-06 17:04:59'), ('FtYOMRc0cO6wzsI7v0ia4Bvkf6VsG12Uvy5vFumX','149','1451953254','2016-01-04 21:20:54','2016-01-04 21:20:54'), ('FYL3pLhUcvhcU1PF9xtY4tfnSkqQBnm6Zs7ufY7D','351','1452285340','2016-01-08 17:35:40','2016-01-08 17:35:40'), ('fYyJrowWjnViwDIsBvQc4H96gS8SZRnFZOHMCo3M','295','1452272153','2016-01-08 13:55:53','2016-01-08 13:55:53'), ('g27SYzH4Svs3RwNDXbBJmZhwI1wm0lDFLdrrZjOI','130','1451948325','2016-01-04 19:58:46','2016-01-04 19:58:46'), ('gab8PDm17rFCjzFvmesaKa42Eom4hcUdNRnf8KjM','356','1452286143','2016-01-08 17:49:03','2016-01-08 17:49:03'), ('GaKV0JnVTri0cQIK7Sww9NBKzLJxdLkspPsPzJKr','451','1452867762','2016-01-15 11:22:42','2016-01-15 11:22:42'), ('gCItWiqgbR1BINbEc2noANdWAxxzC53LBlQdO1Lp','339','1452282382','2016-01-08 16:46:22','2016-01-08 16:46:22'), ('gFxYXB11S7gR7wnVS7o61c84MlqYoj2Q0ahwB73f','301','1452273468','2016-01-08 14:17:48','2016-01-08 14:17:48'), ('gjha3jToIL0HFWqp1QzNvQiDOJH92bATDlGOrnbG','63','1451910584','2016-01-04 09:29:44','2016-01-04 09:29:44'), ('gkhLT5aouu7EMVPLMtWo28h4O42b4BcsJwapANmE','305','1452273981','2016-01-08 14:26:21','2016-01-08 14:26:21'), ('glYnlSYUGKFjNwKdU2ErbL834uWw3BMkv5Qu0CIa','88','1451928396','2016-01-04 14:26:36','2016-01-04 14:26:36'), ('gM9Ck6bojVb6dKMKq8MEF30RTznRtQ5HOST8hHMq','12','1451873754','2016-01-03 23:15:54','2016-01-03 23:15:54'), ('gotIq0Tkxt8xL898zbweOos4Nl3zKctO5tBWBSpF','73','1451915525','2016-01-04 10:52:05','2016-01-04 10:52:05'), ('gQBwioeuhijFlJRQ6zlawk8CcbsjiTVPbv7z53uT','266','1452112691','2016-01-06 17:38:11','2016-01-06 17:38:11'), ('gqK3wiYbyKqe7KZnkDrH2b3m9CedbjnaHLGpOUQW','330','1452276652','2016-01-08 15:10:52','2016-01-08 15:10:52'), ('gS10RKNQkJ5nhpOQAE2futQezNmDYzsDvrJiMlFh','135','1451949831','2016-01-04 20:23:51','2016-01-04 20:23:51'), ('GStySaplIkXWblXM1Xc6vFUVVgReMsZrwCgqybNS','344','1452283421','2016-01-08 17:03:41','2016-01-08 17:03:41'), ('guiz9LxmlDM1FIKnYKQZergAd3fTx6nPZyTILw8R','423','1452802926','2016-01-14 17:22:06','2016-01-14 17:22:06'), ('guSnTcROkVXtBHpsgUGM5MpEPHQO0VHvYd9J5S4X','273','1452115957','2016-01-06 18:32:37','2016-01-06 18:32:37');
INSERT INTO `oauth_access_tokens` VALUES ('gviiTRBfoJsD5LaanKtS6WA9CbnZZdOPG5dszIAh','433','1452807476','2016-01-14 18:37:56','2016-01-14 18:37:56'), ('gZCIC86w3iXLlbkHguIBnXErW51XgZbYQed14bhr','308','1452274108','2016-01-08 14:28:28','2016-01-08 14:28:28'), ('h8waUtrlm2JBqou4wV7iikcFocFK7TBL4wYg2n1x','348','1452285013','2016-01-08 17:30:13','2016-01-08 17:30:13'), ('h9xD9nTPBGPeSNRLhQxn2QvVVcQ8irNvsksxKAL4','51','978313751','2000-12-31 22:49:11','2000-12-31 22:49:11'), ('HDL4hC3iAcmtvj85z5GtvhaI0n4w6pBoApYpzuj7','128','1451948249','2016-01-04 19:57:29','2016-01-04 19:57:29'), ('HDomwWSvWQKVqsDCQpGsyQ3MlKOczRRDHWV6ns1J','449','1452867621','2016-01-15 11:20:21','2016-01-15 11:20:21'), ('HDznyl5Y37e62sDCCpnSZsesQqxJmR7cyBncME2K','386','1452781815','2016-01-14 11:30:15','2016-01-14 11:30:15'), ('HENxPfwM0wqrTUvHdTagMFfVD7MXthSidqjuBDjZ','22','1451877911','2016-01-04 00:25:11','2016-01-04 00:25:11'), ('Hf3tQQ72OrH2VRR3RqlRJIVHuUrU7tBtjNgG7xSl','146','1451952864','2016-01-04 21:14:24','2016-01-04 21:14:24'), ('HJVvzHcrQuPklbsiKB83NzTdgMLrZLNG7ZtGvuSq','340','1452282507','2016-01-08 16:48:27','2016-01-08 16:48:27'), ('hM9XBQRvCoo069t2yjvSvF60s95kCoDDEsmvCktA','291','1452271250','2016-01-08 13:40:50','2016-01-08 13:40:50'), ('hNmHopUxwGeGBAGQsSep3qmQCnoeWRSXWKjj8E4U','311','1452274338','2016-01-08 14:32:18','2016-01-08 14:32:18'), ('hpCpWqsge6bAa8LkRHS9IhznwZ0o4s0rwsM3ULff','24','1451878177','2016-01-04 00:29:37','2016-01-04 00:29:37'), ('HreBoWdCkcyyxH3KdOkEH5JP4r3ZySZ6OqGCGItf','286','1452266749','2016-01-08 12:25:50','2016-01-08 12:25:50'), ('HRpp6s381Fb8Krs9157iopeHKCpY3rHpqE8KVYsE','298','1452272580','2016-01-08 14:03:00','2016-01-08 14:03:00'), ('HT2BdV1Y8HjYC0U7HTY44ejLbhxXs8mEHtn5nnMK','332','1452276799','2016-01-08 15:13:19','2016-01-08 15:13:19'), ('HUNmzVUIXTEYxxewNApCmpt5M82XHyPOqG7PSeEV','287','1452266898','2016-01-08 12:28:18','2016-01-08 12:28:18'), ('i1SIEopuY5X1Y3mIH5DdmhKi8jr8oJHzQXpOAVk9','289','1452271102','2016-01-08 13:38:23','2016-01-08 13:38:23'), ('ID5neZ0I9Xu2Q1IK6iYyZ9rRdnC0s7VftahlMTjn','418','1452800012','2016-01-14 16:33:33','2016-01-14 16:33:33'), ('Ieakh6yEuq6dZwUnXVqwRK1PgjTtulxqdQ8DlYHV','463','1452873702','2016-01-15 13:01:42','2016-01-15 13:01:42'), ('IH07vK3PgaeF7bmNxoPPfjZh8Xijbe2R0xtMBkl2','316','1452274996','2016-01-08 14:43:16','2016-01-08 14:43:16'), ('IV2pQwUQzRTn6UnPT80azc926Wr5QF5Ks7AQ7VlS','79','1451924646','2016-01-04 13:24:07','2016-01-04 13:24:07'), ('IW3SyEAxRSXitSPRrUY3U1wUItsSPSKfz9CEbgmb','435','1452808352','2016-01-14 18:52:32','2016-01-14 18:52:32'), ('iwdbu5XU5yPkGKPEwWMJ8IDF7h08Rrf6zMcoQrT6','133','1451948752','2016-01-04 20:05:53','2016-01-04 20:05:53'), ('izfu9yJGuqwHoguPgAXYlF4gpFNwHv27v2IrEXT2','318','1452275148','2016-01-08 14:45:48','2016-01-08 14:45:48'), ('j5bn9d9n2FFliqlY1MO07j4b9vDCjUYkn8u6B7om','315','1452274882','2016-01-08 14:41:22','2016-01-08 14:41:22'), ('J5nEQvsrtpuVjyoGJ8NU7dzYSwN9t7vfIBw22Dol','272','1452113719','2016-01-06 17:55:19','2016-01-06 17:55:19'), ('j5xbRLr5bAKsI5HVFKnw8AUOS7ljCwjKitj2mRpF','437','1452808686','2016-01-14 18:58:06','2016-01-14 18:58:06'), ('JaSMjbmwu2wj3QO6xdfABOfNcGznxNins1onVXR1','43','978311351','2000-12-31 22:09:12','2000-12-31 22:09:12'), ('JB9zFGPgDBcfk4yzXb37Xm9V27pVMxLk9W3lrhdy','477','1453131923','2016-01-18 12:45:23','2016-01-18 12:45:23'), ('JEn1jJbBrrJ8LDxJy9d1lC46et9TICmpF3rp0NUf','326','1452276325','2016-01-08 15:05:26','2016-01-08 15:05:26'), ('JfVMmQDrWUW3XxNTbHKSQBo6rdbbjqDbCDaftmhu','414','1452799047','2016-01-14 16:17:27','2016-01-14 16:17:27'), ('jIeeVOLLpVT7IKMdYHAsL9IIQkWktLqp8oqF1RgC','178','1451967931','2016-01-05 01:25:32','2016-01-05 01:25:32'), ('JjUfWE6INjtOKVGRKutL2Q7GuRN7iJgH8eCdo75o','8','1451861553','2016-01-03 19:52:33','2016-01-03 19:52:33'), ('JKCSekFeMScEzxWL4SQqhik0TZXL2hKl1j4x9fXO','362','1452624137','2016-01-12 15:42:17','2016-01-12 15:42:17'), ('JLjkqInc2qew9HwSx1kuLKkLQn78rzr1CubI7OXk','319','1452275203','2016-01-08 14:46:43','2016-01-08 14:46:43'), ('JMqofqTljQ9UvC6Yj16t5At2PpVJokjXnXn1A3IX','460','1452872682','2016-01-15 12:44:42','2016-01-15 12:44:42'), ('jpFmu7Dw4r2An4gZwJAOfJ6rzOtwHfn8hOh2s2wS','377','1452701353','2016-01-13 13:09:13','2016-01-13 13:09:13'), ('jQ3LV1wER5TxPCt7saXExxKuutT8e59jCAAXAjHb','219','1452099865','2016-01-06 14:04:25','2016-01-06 14:04:25'), ('JqLxx0SPys5lFFQrLLQB0OnynDq3MrjeOCFRkZCu','20','1451877386','2016-01-04 00:16:26','2016-01-04 00:16:26'), ('JrSNNPNZ52fm8byv30h9PluW2U1hytmtq9igRmDe','198','1452056788','2016-01-06 02:06:28','2016-01-06 02:06:28'), ('Jtj7u5myv26oZhFvCgBialgw8DQ7mtSjzEx04YwQ','142','1451951430','2016-01-04 20:50:30','2016-01-04 20:50:30'), ('JurDGbbExT3Q0Vf18zd7nRNPl7MzsR54ei99c77R','392','1452783161','2016-01-14 11:52:42','2016-01-14 11:52:42'), ('jxY8OxKuCczwSf5rVfB8O2CjfI6TSqB2dCCHwhXy','365','1452625151','2016-01-12 15:59:11','2016-01-12 15:59:11'), ('JyAV2ix5z8n42tyDebIVqS0uh5F7D2KKCmcPJhRy','304','1452273844','2016-01-08 14:24:04','2016-01-08 14:24:04'), ('K094p1WfyiYD4L84jtJo7pjjvngLXnVWRacSwMWk','89','1451935043','2016-01-04 16:17:23','2016-01-04 16:17:23'), ('k0ETvMaUMPrMjF5QHtB5vNcu0VEMOivCZg8BLpcq','67','1451912092','2016-01-04 09:54:52','2016-01-04 09:54:52'), ('K3Sa8PXeH9j3p2yQko7kfldWsuKgJOjQgDzzF595','32','1451879960','2016-01-04 00:59:20','2016-01-04 00:59:20'), ('KCNfZHxjkURHwILRZD1QMpDdg1E7ZdWLGPaCQeYg','112','1451943894','2016-01-04 18:44:54','2016-01-04 18:44:54'), ('kCYT9SJ0919UkSOaLFvXL8ig9PegGI4nCEULA9ym','358','1452287341','2016-01-08 18:09:01','2016-01-08 18:09:01'), ('kE6K7jPiF3ej08fxtzzRl8EmWxkWNOSf7bQkT3m6','11','1451869638','2016-01-03 22:07:18','2016-01-03 22:07:18'), ('kjq3lC6AyCIyASWMH5QJUNLMz9RnKLAqOm4hkBD5','277','1452188466','2016-01-07 14:41:07','2016-01-07 14:41:07'), ('kQrKUKi1Y0x2vLn7j8XRx8D0crtxPFEzQZ7teCLN','241','1452106606','2016-01-06 15:56:46','2016-01-06 15:56:46'), ('KSLaLynafETC4RlaaO2ar2IWbuxs2Oq1JQPlWUE1','214','1452060841','2016-01-06 03:14:01','2016-01-06 03:14:01'), ('kte2mlvK99KccCEQWQUMk5IF3ML68XxNo2aiD5sj','164','1451957145','2016-01-04 22:25:45','2016-01-04 22:25:45'), ('KTmEFhWvI20IliNsV6s50Y3CgZNQg3F1Nikyzn9k','205','1452058941','2016-01-06 02:42:21','2016-01-06 02:42:21'), ('Ku8yupWVpA4kdFOyhG89iyBnFcZ7KX5rSiwkYng0','313','1452274768','2016-01-08 14:39:28','2016-01-08 14:39:28'), ('kwEiB46ZnXjZcvgpwOh4UIw0ACreS2cX6567a28V','430','1452805461','2016-01-14 18:04:21','2016-01-14 18:04:21'), ('L2D2hMv1FIRfjvveEzQmt7ra0jw9otpDwAMIDefm','77','1451924338','2016-01-04 13:18:58','2016-01-04 13:18:58'), ('l5jebbJkLHY8xvhS26gJxcL5rrT1IXAnram3nKfC','468','1452874927','2016-01-15 13:22:08','2016-01-15 13:22:08'), ('l5ZvwpRzXicXjKerzOgw6wkxSDRD3ieNdZUucTPz','163','1451956557','2016-01-04 22:15:57','2016-01-04 22:15:57'), ('LA9h3094HnqS1bMwK0Y2BxCCoKLObBIrtJejE4nZ','209','1452059939','2016-01-06 02:58:59','2016-01-06 02:58:59'), ('lAeUm9ktZykQnxsdjiYzHhDaiSmP3KafhCP3aMUI','21','1451877719','2016-01-04 00:21:59','2016-01-04 00:21:59'), ('LaSk4ny6ZFNgK4bH35QdixSxKypGcwFt3GP5br2x','155','1451954408','2016-01-04 21:40:08','2016-01-04 21:40:08'), ('LAz82NEF7KvzfRllj4O53eLnGsT9Ta7mJr3cfcEx','484','1453132802','2016-01-18 13:00:02','2016-01-18 13:00:02'), ('lfzJH6upsMLV0k77Pn7BWV6CWPso6qxwWZIjbIyg','2','1451857602','2016-01-03 18:46:42','2016-01-03 18:46:42'), ('LGsFeLNZpo2OVH44cD9qk9ADIp8ji2GzHYn9L4xi','445','1452811241','2016-01-14 19:40:41','2016-01-14 19:40:41'), ('lHui9hUmoqjsnmM7dB0bhHbU6T9Yv8LCrB6Pzich','48','978312851','2000-12-31 22:34:11','2000-12-31 22:34:11'), ('liKOdCTNk6yDrEpgk3OCN3LTzGitQ4RVfrPP0r8Z','193','1452055442','2016-01-06 01:44:02','2016-01-06 01:44:02'), ('lIop9ns39CFKW4SycsPzrW4DOLaiRkPOft3QqpvT','493','1453475297','2016-01-22 12:08:17','2016-01-22 12:08:17'), ('lJfcEqfpOYU0YokOqA3E3puX25TK44BM0cRW7mzJ','243','1452106767','2016-01-06 15:59:27','2016-01-06 15:59:27'), ('lkxZNOgoMKoLEctsaadLnUm4DWBywje8HiOpVveD','9','1451862728','2016-01-03 20:12:08','2016-01-03 20:12:08'), ('lQGBi1D7Bf6NvhsUIAMRMtNdvF8pbqNzpkGZmz5O','409','1452797080','2016-01-14 15:44:40','2016-01-14 15:44:40'), ('lRMGf3kMI095VMo1oq8s6DD4oNXVgttbu9P7EOjw','105','1451939989','2016-01-04 17:39:49','2016-01-04 17:39:49'), ('LSHuxadVxqh2cKtUoEdzZMkWNCz7JzlfnmKneREf','177','1451965292','2016-01-05 00:41:32','2016-01-05 00:41:32'), ('LtNtjhE39DoHF5T0cSg5aAD3FewNSUJDwRVZDXun','417','1452799944','2016-01-14 16:32:24','2016-01-14 16:32:24'), ('lUIL5bCWa20spLikFAGl3sH89A2daDzsGzqgxuqA','159','1451954719','2016-01-04 21:45:19','2016-01-04 21:45:19'), ('lUmDXi3wNI7fj58nHloI1ROkiRXueCXsM0mCrbcY','213','1452060666','2016-01-06 03:11:06','2016-01-06 03:11:06'), ('lUZkLp8smctfpBS6D06I67Dy9jcdCXMSU9BHzDF7','333','1452276860','2016-01-08 15:14:20','2016-01-08 15:14:20'), ('lVafNNuHa2a9x7hjhDQ218OYkU3Sq0O8Y9baIJWq','303','1452273773','2016-01-08 14:22:53','2016-01-08 14:22:53'), ('lVgCPh8qYJopQNVTBUnzBiblA9gA86c9PFs66cdg','292','1452271287','2016-01-08 13:41:27','2016-01-08 13:41:27'), ('M2abWkJf5I4mFOrZSbSosTn60ev7mahquRXXWb7Y','372','1452626289','2016-01-12 16:18:09','2016-01-12 16:18:09'), ('m4bTmHngS60fg94jlwIx2vt6ekozSd7jnefEWIqj','481','1453132565','2016-01-18 12:56:05','2016-01-18 12:56:05'), ('m6xal7Mf0SJiRRv8H88ufaKSyzYbmz0fVqZYRvwi','279','1452188621','2016-01-07 14:43:41','2016-01-07 14:43:41'), ('mAwByx9m8c56lV1diSmnRAvVh6pjQIm05SgHHVdd','70','1451912971','2016-01-04 10:09:31','2016-01-04 10:09:31'), ('MDlm6k301bNhWfVNlhpcli8ezzUx1xsmq7eJKkDS','206','1452059088','2016-01-06 02:44:48','2016-01-06 02:44:48'), ('MeORL1X2uQN9SDIKDLu685qeQtuM1ZieRbtQNFmL','384','1452718491','2016-01-13 17:54:51','2016-01-13 17:54:51'), ('MGEAVskHIegwXydXLgowDZ5NiI1Q1gC4YdPkvT58','107','1451940585','2016-01-04 17:49:45','2016-01-04 17:49:45'), ('mGXhR6PRQP1DnkUL9tkRUdc4gZbkON2QRF55lG6e','465','1452873882','2016-01-15 13:04:42','2016-01-15 13:04:42'), ('MI78O9UXyqGcFEkq3UCQBIbmnF2FWc3K240BfKBo','317','1452275085','2016-01-08 14:44:45','2016-01-08 14:44:45'), ('ml0OemQ43Zmkiqb3TeC5bISd6oFr83takmSW4TvE','175','1451963178','2016-01-05 00:06:18','2016-01-05 00:06:18'), ('mmzA7rTOmkJrYXQu51fFZOaEd5E6Aflswk2JVdCF','375','1452695237','2016-01-13 11:27:17','2016-01-13 11:27:17'), ('moUKpoZF9iZ11sSb3xNHn6PUkUkQ8CrKnJ78KUzo','98','1451937998','2016-01-04 17:06:38','2016-01-04 17:06:38'), ('MPyDhxmRjcMy5z2QUMLO4L529FxRMqj4dWBe8844','85','1451926088','2016-01-04 13:48:08','2016-01-04 13:48:08'), ('Mqk2njkp7ZFyQKzqpzmu2664eYCpEVbYwspNzZI7','126','1451947709','2016-01-04 19:48:29','2016-01-04 19:48:29'), ('mrn5e26DXWJHRj3TZXjvtkbWZur2bhuQH6OXesWG','288','1452267056','2016-01-08 12:30:56','2016-01-08 12:30:56'), ('mSU7cRAAiI4hBGHmaRkmDg4A3syYDRCtNZXySRyR','26','1451878622','2016-01-04 00:37:02','2016-01-04 00:37:02'), ('mvRbaD3Pvt1viQxwojhyf76q5ZIGJWN7nuI5mFej','13','1451875627','2016-01-03 23:47:07','2016-01-03 23:47:07'), ('mx5nUemei5ShzftouBbI7xgzxPLMg7H2umfYzoPS','71','1451913534','2016-01-04 10:18:54','2016-01-04 10:18:54'), ('MYbDdKifzgrlaQI1Pa0QwWgF8LKL6Jlne8f9ES5T','245','1452106799','2016-01-06 15:59:59','2016-01-06 15:59:59');
INSERT INTO `oauth_access_tokens` VALUES ('mygPL7MoMc7V81ZfjT79DfhZNqp7I6jBeFvZS8hU','203','1452058440','2016-01-06 02:34:00','2016-01-06 02:34:00'), ('MyoCs75H78j7RXAegrVrPFLbt9k3AeUzxEtrWMkk','169','1451960526','2016-01-04 23:22:07','2016-01-04 23:22:07'), ('N06nvMd2mFNQH75xm37NXr0JmjNz3QY8GMlQ5XMr','132','1451948584','2016-01-04 20:03:04','2016-01-04 20:03:04'), ('N0pZZ25Z6S8zR2thCS6ki56UmGSqziuqNsB6XaYM','15','1451875901','2016-01-03 23:51:42','2016-01-03 23:51:42'), ('n0TZQFzPehZ1LcfPJyAdEtvWqLio48vfk4iMOZB9','453','1452871384','2016-01-15 12:23:04','2016-01-15 12:23:04'), ('N4CN3qnRW50yAB0U7xhR2vwbMJVbkyvDhasVW3Xy','195','1452055920','2016-01-06 01:52:00','2016-01-06 01:52:00'), ('NBbS7xsZXnZQlkWuj468B33PmRzVfCzzVpuwpu2c','485','1453133462','2016-01-18 13:11:02','2016-01-18 13:11:02'), ('Ncink13ibjTqahrVbTUeoj56AulUCzLx2HvjB07F','231','1452105493','2016-01-06 15:38:13','2016-01-06 15:38:13'), ('NCYqrR30smn40ZG7AhGG5C9X9hK46fqju3MKL671','110','1451942981','2016-01-04 18:29:41','2016-01-04 18:29:41'), ('NFa13OVOFdh6vzU3Cn2ot2tM5ScU8drZGP4V8IYt','5','1451859582','2016-01-03 19:19:42','2016-01-03 19:19:42'), ('NfuPSSg683GFAfaqDJk8VbMlwydcuogjEQU4azfw','455','1452871854','2016-01-15 12:30:54','2016-01-15 12:30:54'), ('nK09inumbYcha42eteYoGmje6SodMomAmOTfHQf7','45','978312374','2000-12-31 22:26:14','2000-12-31 22:26:14'), ('NKhvBu4hF2zWe5187y83Pro2tqxIt0vKDc5pksQP','54','1451907555','2016-01-04 08:39:15','2016-01-04 08:39:15'), ('NTtOi62DI8a4KFhHjbXZ3mFTPRSqAOCVXpE5xAy2','233','1452105806','2016-01-06 15:43:26','2016-01-06 15:43:26'), ('Nv5ypoeS6SlKt1f1jFxNw6sps0unob4mw03YIwLW','75','1451916096','2016-01-04 11:01:36','2016-01-04 11:01:36'), ('O3yjG9QeiRc7kPGz8HI5YfVwg88WbajwLVyjUZr9','345','1452283503','2016-01-08 17:05:03','2016-01-08 17:05:03'), ('ODDuizQmRJvqiWlTdyzjBWfsm5ZXBuCmz3LTR31i','328','1452276514','2016-01-08 15:08:34','2016-01-08 15:08:34'), ('OJgxWKOJALTqg0FynsNexqJk7OJq9fGQZ8MJf7uY','179','1451968345','2016-01-05 01:32:25','2016-01-05 01:32:25'), ('omcPCzeQvJ3omvv33SFKGjA7lXjNeEbqw3OgQMok','157','1451954550','2016-01-04 21:42:30','2016-01-04 21:42:30'), ('oPpaQjUHwNXezQnTyc6WvezH26FwTXPmcqLD5Xe7','251','1452107869','2016-01-06 16:17:50','2016-01-06 16:17:50'), ('orTcg18fRletYobqXRodISFwO0xSX5YKdsKZDtGK','474','1453131657','2016-01-18 12:40:57','2016-01-18 12:40:57'), ('oSJKlVZuhyLcgOHutRdOT1NtJfxrDi8KVpS8OAAG','422','1452802526','2016-01-14 17:15:26','2016-01-14 17:15:26'), ('owkmsAw4WIwDnGN4VndQ8Ya4IBjDXVb7srpNT874','371','1452626231','2016-01-12 16:17:11','2016-01-12 16:17:11'), ('OWrdSXqCGdRF011ZWpqlNET4aizZiKsBdPf2L4dG','373','1452627339','2016-01-12 16:35:39','2016-01-12 16:35:39'), ('oyJXRKJ86gmsTwhEODzAg5rOfSyyXOcHlyJjGGJ9','176','1451964015','2016-01-05 00:20:16','2016-01-05 00:20:16'), ('OzacUkGOi6ZJxovKWhYsW62zwbmBJ9LOkOTj1omH','120','1451945295','2016-01-04 19:08:15','2016-01-04 19:08:15'), ('ozQUHETWShMWmKlZQXHMtZbAOWaCOlf9o92Ve7VA','6','1451859640','2016-01-03 19:20:40','2016-01-03 19:20:40'), ('Pc65ANOEQ4ffeLFCeftIGfcZs1Cp28gqChihgsth','185','1452014225','2016-01-05 14:17:05','2016-01-05 14:17:05'), ('pCSPMA9LXWF7tdsK63cPyb0xydoj6dBYt0YasKp5','338','1452282306','2016-01-08 16:45:06','2016-01-08 16:45:06'), ('pFaDnYzBk0zPiTlgGAiCjQARldnVY450fLBiIW91','385','1452718789','2016-01-13 17:59:49','2016-01-13 17:59:49'), ('phHvVN9EVmhTJkNMJdYmV56tAJJXFN8IMkxj0SY4','16','1451875975','2016-01-03 23:52:55','2016-01-03 23:52:55'), ('PJ58rqERBGPhob8woKHgF9IurEDJ2IdxB8TPexN2','258','1452108711','2016-01-06 16:31:51','2016-01-06 16:31:51'), ('PjIksbwtwYXwLDjSxuWn0Fqesdm2VZpHA0dqiuSb','136','1451950636','2016-01-04 20:37:16','2016-01-04 20:37:16'), ('PLzcEHnx9lsZ7NuLzphSMf2bQ2qzc4hC5jXYWRM6','81','1451925194','2016-01-04 13:33:14','2016-01-04 13:33:14'), ('PnkAFZd4XAlb07ofpZzicdPsSht5tkqEV8kjlGyD','39','1451881814','2016-01-04 01:30:14','2016-01-04 01:30:14'), ('PvDInExjrRCqf7u7HZ5ALsfBEKHCDyQzXDt5MFPf','370','1452625782','2016-01-12 16:09:42','2016-01-12 16:09:42'), ('PyJ6ZsYEp2CvUtmCDuPZXN3IndJumSgnfVDafWG2','469','1452874993','2016-01-15 13:23:13','2016-01-15 13:23:13'), ('pYkqae3rtieLvMRUNy3uWNJzVCqh2a0H8agzxHGA','397','1452791960','2016-01-14 14:19:20','2016-01-14 14:19:20'), ('PYOPhfLllC9bHkpqVT3O6BPSitOx9UogmF7jxP9r','148','1451953253','2016-01-04 21:20:53','2016-01-04 21:20:53'), ('pYvMSABkzgS9JOgNtNWbBl9RJphVKDOQSso7cMRj','134','1451949469','2016-01-04 20:17:49','2016-01-04 20:17:49'), ('Q26NVOciAxA6c4KLu6BtUWx7zo6vWpAovGGUYLHN','280','1452264310','2016-01-08 11:45:11','2016-01-08 11:45:11'), ('q93g2KPh3ptx5IyC0NlGDGJAplyylPEcMhb7IO3k','165','1451957146','2016-01-04 22:25:46','2016-01-04 22:25:46'), ('QcELudkg3sCqL515LmKtYomogDYu8HI65SXVl5pi','121','1451945933','2016-01-04 19:18:54','2016-01-04 19:18:54'), ('qedvSx3ngUZI4MA9iiOoAaEgi1l4FwVtLyDALIPd','382','1452715682','2016-01-13 17:08:02','2016-01-13 17:08:02'), ('QJfHszN7PiJrW0mpnxoiPmmbwLOp3UT1FxSEBYtu','230','1452105442','2016-01-06 15:37:22','2016-01-06 15:37:22'), ('qjuxqEn1n99toILb9gtQlMaeHSUYRRpTAGq0ZDh5','242','1452106712','2016-01-06 15:58:32','2016-01-06 15:58:32'), ('QKLSrEiKbZRoOyNNGPqWpksfJl0o40TmD8TCNLzN','368','1452625418','2016-01-12 16:03:38','2016-01-12 16:03:38'), ('qPwRPg1S8EqOHtTVBRsWY98zj3MD4nMvPCLDUVK3','23','1451878085','2016-01-04 00:28:05','2016-01-04 00:28:05'), ('qPYS8uBLVsRCYzHSKbfdAAAemJFXP7263oCxPjEC','236','1452105989','2016-01-06 15:46:29','2016-01-06 15:46:29'), ('qsMWJJh8zZIKjQuBpYwAVyz5yBJLtYQ6Ep65Eyd1','411','1452797320','2016-01-14 15:48:40','2016-01-14 15:48:40'), ('qTE7BkbSNEFSLBsmNLY4D1tpfeI9HTTSUvLbAIbO','124','1451947633','2016-01-04 19:47:13','2016-01-04 19:47:13'), ('qtzzRhh9WOCEPwNZr0HYz8D5CDfuqbq35DlN874F','167','1451958652','2016-01-04 22:50:53','2016-01-04 22:50:53'), ('QYBUP0JGVieeKNjVTqcQvbcTGxpNeH6AQipQkwOd','56','1451908020','2016-01-04 08:47:00','2016-01-04 08:47:00'), ('QZhLoXHVumDIIs7vIGPMmgEawGgaPuJ1LyODNfKw','211','1452060411','2016-01-06 03:06:51','2016-01-06 03:06:51'), ('QZXFBbNc5jB3kxYAGlpdNYJfpme0KiluW8Tc98Qj','47','978312698','2000-12-31 22:31:38','2000-12-31 22:31:38'), ('R31vCYT7p4sc10N40nb3Wfu1ThvKdnKXp8B1W4ES','294','1452271500','2016-01-08 13:45:00','2016-01-08 13:45:00'), ('R3NGZQfVgrTIpQH9AqOgdFeOcVzkEIeSfQ2GrLpy','131','1451948461','2016-01-04 20:01:02','2016-01-04 20:01:02'), ('r5e1v6axVRN0tjnOXrsjgE932EaiLBAYn2mMqXDH','189','1452016435','2016-01-05 14:53:55','2016-01-05 14:53:55'), ('R7rGxrXBDvdWBbpa9bfOZnNOEotDcDNWRGQfdkDW','60','1451909030','2016-01-04 09:03:50','2016-01-04 09:03:50'), ('rfqFly5rbGSJEYMSU8WvYTxmeFvpvw9xEQ4HfZvH','324','1452275840','2016-01-08 14:57:20','2016-01-08 14:57:20'), ('RGFu1LOABaOshITWP7qGj5l28c7vm91yw1AGQtCx','109','1451942977','2016-01-04 18:29:37','2016-01-04 18:29:37'), ('rieFhg8SZod6xQjyRdHcoXwYVQkuuqud31C0tZb5','312','1452274551','2016-01-08 14:35:51','2016-01-08 14:35:51'), ('rjv3rK8E5my8Xw2EoViewwcu5E3nuto4r18wKg7B','299','1452272811','2016-01-08 14:06:51','2016-01-08 14:06:51'), ('RjwAftZBJ6HXscNOj8RN9RrnoOIVhhmByUJgQTh7','438','1452808839','2016-01-14 19:00:40','2016-01-14 19:00:40'), ('rL61S127zVl6YKMian1hGlWlgMDHWGfnfUPpWcuz','353','1452285826','2016-01-08 17:43:46','2016-01-08 17:43:46'), ('rmcFLTUATaQFhupPaOel0TpVEpGlduZkIPxXD7w0','475','1453131730','2016-01-18 12:42:10','2016-01-18 12:42:10'), ('rPnxkfhYnIClZFlZA225CUFFr3za4V9lp5OVSZVV','152','1451953916','2016-01-04 21:31:56','2016-01-04 21:31:56'), ('Rq9JWnErUdl4xuStijnfAkFrPyx8G0DYPVHaVfCy','18','1451876944','2016-01-04 00:09:04','2016-01-04 00:09:04'), ('RSaTPjfeNVLLtiPX6aWwapDwnfzrw50UnKcqxbVv','459','1452872585','2016-01-15 12:43:05','2016-01-15 12:43:05'), ('RVIkudtcJDvESGzFQgG7DveeSHRP4ZM8KXah5Jkm','116','1451944281','2016-01-04 18:51:21','2016-01-04 18:51:21'), ('RVjjSpFVw6CJFbs1diG7PAy67patO8MHhmPd7fTo','261','1452109413','2016-01-06 16:43:33','2016-01-06 16:43:33'), ('rVZLgaVubQ4JJwLpQji9Sft72jYBwsJModOPd9sX','78','1451924341','2016-01-04 13:19:01','2016-01-04 13:19:01'), ('rXGEXDlbWgBQRJe3RxtwmdjpuHHJgNosfCjVNZna','297','1452272527','2016-01-08 14:02:07','2016-01-08 14:02:07'), ('rz5BmzK3YQiJeOwW7DLVAzSZC8dzNSt4B3jZu3uB','323','1452275796','2016-01-08 14:56:36','2016-01-08 14:56:36'), ('S5Xb8hhJX4Cx1ZL8lEoEUuSd3DHHfS7avaDeVEgk','69','1451912822','2016-01-04 10:07:02','2016-01-04 10:07:02'), ('SD4KB3uwUTviXc1wIPZIDB1goxJ6GRTosg04CRkT','161','1451955963','2016-01-04 22:06:04','2016-01-04 22:06:04'), ('SDJgvix27eWXaAyIBSgB64CFBYqYWjNDP8KPKvTd','398','1452792244','2016-01-14 14:24:04','2016-01-14 14:24:04'), ('sDnbBwW06HFcL2V5TpEC0aKXPFFg9ukzvrAaoe9p','208','1452059530','2016-01-06 02:52:10','2016-01-06 02:52:10'), ('seTktkUz46kVZqlt0YRuuMUkcgq0N3YWysqJUSf1','61','1451909701','2016-01-04 09:15:01','2016-01-04 09:15:01'), ('sfTqe4rSl2QFD7vFJ45ou7dkgyIs7oqqaQRlf70v','262','1452109688','2016-01-06 16:48:08','2016-01-06 16:48:08'), ('SgElWgibJeyGRU1ecbY9ffJGBc85RUaVJLDEOeCF','260','1452109227','2016-01-06 16:40:27','2016-01-06 16:40:27'), ('SjRBMIxbNhmOnqcaiVQuT66lU3Zj3LPgApFsQvSi','346','1452284530','2016-01-08 17:22:10','2016-01-08 17:22:10'), ('Sk9co1Q7hK2BSFPxrrPua2mGE4Deu2yceFZ21H7i','171','1451961794','2016-01-04 23:43:14','2016-01-04 23:43:14'), ('sKEAbYJnq2JeQ6sEmFj91zvngWIEReGdkDvdzCDI','452','1452867818','2016-01-15 11:23:38','2016-01-15 11:23:38'), ('slMipedOKL2F76VrYh05q4667JDVmwHTjCu7PnfD','327','1452276462','2016-01-08 15:07:42','2016-01-08 15:07:42'), ('sMO0PlotLbPpZBHL1leEpYmUjPlCKE4LVvrNHZkY','147','1451953127','2016-01-04 21:18:47','2016-01-04 21:18:47'), ('sntyNGPTXJNRgyeJx7qYRGdQQYMLeqaEwEiNJMXf','129','1451948324','2016-01-04 19:58:44','2016-01-04 19:58:44'), ('SofpzcQBvq2EtaF9e5c2hpcequyRK9tHa5pEWmxE','10','1451869266','2016-01-03 22:01:06','2016-01-03 22:01:06'), ('SSW5YBeVzlrsy5JmvFVx38ukOhlhPQmrmpd29Hfb','93','1451935556','2016-01-04 16:25:56','2016-01-04 16:25:56'), ('su5xaziGcC0OHxHTxED2TLSFhRTe8XinX4N0izog','80','1451924648','2016-01-04 13:24:08','2016-01-04 13:24:08'), ('suFlaAlQI6yzYpJuvGE8erLUA3JcQFeCWtAsixAm','490','1453404813','2016-01-21 16:33:33','2016-01-21 16:33:33'), ('swwdBT0LbtJoL939NGawyOfG9ax7BCmBjD0vSSMo','374','1452630644','2016-01-12 17:30:44','2016-01-12 17:30:44'), ('SYXNXbGM5upavuX6liqzfOZDWYlDJWFSh6mBwIRG','64','1451910808','2016-01-04 09:33:28','2016-01-04 09:33:28'), ('T7Rw8T6phpiBs1P3vL0wUCMuUb7Z7stWr4uUeHoH','191','1452016945','2016-01-05 15:02:25','2016-01-05 15:02:25'), ('t8BYFoXjPEVU4E2NhbP8fIkQbjR5etflEGBtHgAC','357','1452287256','2016-01-08 18:07:36','2016-01-08 18:07:36'), ('tAqALna1h7TYhrwYMTfc704iErXGhsd59uMHQ9No','197','1452056132','2016-01-06 01:55:32','2016-01-06 01:55:32'), ('TassRBbVDUIHszoyRRAPSOZG2dQC0bWdGH4yyy4F','363','1452624616','2016-01-12 15:50:16','2016-01-12 15:50:16'), ('tcb29BF3UCK4VG9GITwy2jIGjJH3RCJ2hUaTiK6s','239','1452106352','2016-01-06 15:52:32','2016-01-06 15:52:32'), ('TDLXRvOfTtAbDmufqabOo5h8vBRp3LEQKRHsotw0','25','1451878620','2016-01-04 00:37:00','2016-01-04 00:37:00'), ('tdO14hgCQF2K6yb1jO9JPV5UaDPewKdhx0j11c2G','394','1452784602','2016-01-14 12:16:42','2016-01-14 12:16:42');
INSERT INTO `oauth_access_tokens` VALUES ('Th7gI6y7STIgM3uiKpAjRFVAqspCsCP7t1M2kGg6','472','1452885177','2016-01-15 16:12:58','2016-01-15 16:12:58'), ('TIgA0m0nG7t3rnzROwBcdva8RawuVA2eoHaE5j2A','342','1452282901','2016-01-08 16:55:02','2016-01-08 16:55:02'), ('TK2eW9DsYujLcjMdZ0qELtGuxjMWRZNyv1Si8Qpx','466','1452873963','2016-01-15 13:06:03','2016-01-15 13:06:03'), ('tK2lg6Jon2BzPD04JcM3vyU2dpBfLIX2yLoNAfPF','269','1452113138','2016-01-06 17:45:38','2016-01-06 17:45:38'), ('tqatNIfQYEotRGuSsYKjtA8SOxfPM50wWrV11IiV','420','1452800237','2016-01-14 16:37:17','2016-01-14 16:37:17'), ('TTaOBIoKEQQnJtZofj4S15brhxRtUk7YvlbbVbvx','487','1453133593','2016-01-18 13:13:13','2016-01-18 13:13:13'), ('TtUbKWYzOoBmhGhDdeY1jiAb8h737EVSjroaAW9h','145','1451952864','2016-01-04 21:14:24','2016-01-04 21:14:24'), ('tzwsZjeCJ0ACaAZoLP16o52Jagg8UzoKgKpQ1CdG','127','1451948100','2016-01-04 19:55:00','2016-01-04 19:55:00'), ('u5vcEWQoitbordDmh0kUfM4lc3bGYqXKO4wWANoP','263','1452109732','2016-01-06 16:48:52','2016-01-06 16:48:52'), ('u9K2csHh2MB3eyLuZSFrNVqlvD5pLLl83dnq0I3B','415','1452799564','2016-01-14 16:26:04','2016-01-14 16:26:04'), ('uC7bpz912K6Z4nzI3N4awus1uv4ptwAjfoAABKkn','114','1451943963','2016-01-04 18:46:03','2016-01-04 18:46:03'), ('UgaQiHZ36rsbzzNRwC1WFS8GA1XFlRP7EjqdANvK','302','1452273660','2016-01-08 14:21:00','2016-01-08 14:21:00'), ('UiAnGTZg1OW30xJ13vyDL3yYE4oCI9W0uBdatRre','101','1451938983','2016-01-04 17:23:03','2016-01-04 17:23:03'), ('ukhLB15Jsmknqa3uiwzZoUncmgx0XnK6Ey9g9btF','492','1453471659','2016-01-22 11:07:39','2016-01-22 11:07:39'), ('uKK1uu5zrGrNASoB3fpOYTHi8rS31swfkVCinXZ2','283','1452265514','2016-01-08 12:05:14','2016-01-08 12:05:14'), ('ULnlCR40kzx67a2C2PuENQqHClxzwtkYLJoGCYIJ','407','1452796868','2016-01-14 15:41:08','2016-01-14 15:41:08'), ('UM164i2KMHsZJ6vNnm4prnZP4KqizKThmOpI7IU5','42','1451884389','2016-01-04 02:13:09','2016-01-04 02:13:09'), ('uobBYXUaZ7UJzxnb3jDGN4u5K0whxzjTFOdFF8Xl','217','1452097936','2016-01-06 13:32:16','2016-01-06 13:32:16'), ('UqDPP3aArOmaHb5eXfUHtIp3qaKlBcOJ9cFMKzOJ','447','1452811490','2016-01-14 19:44:50','2016-01-14 19:44:50'), ('uRfbaOnePRP1UaCdnq0WNDU35R2YTdz3tmuiG1AO','248','1452107598','2016-01-06 16:13:18','2016-01-06 16:13:18'), ('urHyElia9jyvWoz6iiy9Bo8dWX4oyJOiq482HMU8','95','1451935737','2016-01-04 16:28:57','2016-01-04 16:28:57'), ('urxy5Oyi3S0jlKh5wqd6R6RzE8EZW3UB0vIyFLVB','232','1452105743','2016-01-06 15:42:23','2016-01-06 15:42:23'), ('Uxwx6UQJA70B0JOfQI5i2k0XdGNKL1gfvENpIT2e','343','1452283334','2016-01-08 17:02:14','2016-01-08 17:02:14'), ('uZhSvkqt9Shooz2nPCrM7Rnw88wRbHsPr0rRYXYh','160','1451954916','2016-01-04 21:48:36','2016-01-04 21:48:36'), ('uzrEIC29FoKTHVWtlrrlnq58aJ53AGXlpG29yS60','170','1451960967','2016-01-04 23:29:28','2016-01-04 23:29:28'), ('VAXxi0F7n3ouHmNK8hOORqLjbxa9LMTOdlsb3dtX','44','978312148','2000-12-31 22:22:28','2000-12-31 22:22:28'), ('Vb9ztQKQe6K710thQrT06MGuPzqXQbm6Mi92mWib','389','1452782928','2016-01-14 11:48:49','2016-01-14 11:48:49'), ('VDUd5u64oFZtGzJwrproqlsDR02DGOO1F59QFpBb','335','1452280298','2016-01-08 16:11:38','2016-01-08 16:11:38'), ('Vf3XPej6o7CS4fN3Yr8pw4RIHtwCdJZG5dbYvvje','321','1452275330','2016-01-08 14:48:51','2016-01-08 14:48:51'), ('vFYqvgyoySoRmA1Wm35zgf8TO8LLQRxKcV2UhVgT','173','1451963056','2016-01-05 00:04:16','2016-01-05 00:04:16'), ('VinEI4I0Ssv6RNBDBb5Ryc5UeGfEhk3Vv0C1meSU','479','1453132109','2016-01-18 12:48:30','2016-01-18 12:48:30'), ('voitBwT0t1eEscNBrXzUDe2Clxi1aVTW0EKs1LfP','412','1452798640','2016-01-14 16:10:40','2016-01-14 16:10:40'), ('vQJIRdm0l6aXqfOQuXTi8sIrQ2hSIeiUhWdli47u','123','1451947358','2016-01-04 19:42:39','2016-01-04 19:42:39'), ('vRvYFcOAnIC24GA8OuGAc9b8uD2AtMdsg2TXE3xs','378','1452713765','2016-01-13 16:36:06','2016-01-13 16:36:06'), ('vsYenuwjgk5zfumtLao4dAp7X6hqrnoolw1zoleg','235','1452105921','2016-01-06 15:45:21','2016-01-06 15:45:21'), ('vt1o7uNcTrryZnv5uZXMw3ZH3sqOlxuxesn5bDSA','331','1452276768','2016-01-08 15:12:48','2016-01-08 15:12:48'), ('vWFIYJWDgaLM2Anr2B6wVGljQXxSJ7V0ZQkEuUdm','462','1452873624','2016-01-15 13:00:24','2016-01-15 13:00:24'), ('vy6RsIcwsFYN7jK4bspYHJgpCYjoKyL0qTnYccRy','387','1452782636','2016-01-14 11:43:56','2016-01-14 11:43:56'), ('VZH2WhUoeIYRTo3gQ9t8LXvo3PCiS2u4OmihWFLu','461','1452873033','2016-01-15 12:50:33','2016-01-15 12:50:33'), ('W4NWtuoIX9HlAl0YGVteWKg7Wfqc2pv6tUZ3TvyO','226','1452103567','2016-01-06 15:06:07','2016-01-06 15:06:07'), ('W57SepAMbGgL2gCXLQKTnLYCFxTBryzrUvwrtWLB','354','1452285872','2016-01-08 17:44:32','2016-01-08 17:44:32'), ('w5aaPPmGkRqjgIbe6phHAzN7JF5ZdnvqD2JijOeL','402','1452795158','2016-01-14 15:12:38','2016-01-14 15:12:38'), ('WaJ0QbjMCgpVbXan98eP8Yg79ZtMd6K6yirX7Z9B','427','1452804934','2016-01-14 17:55:35','2016-01-14 17:55:35'), ('waMXpmeshx0i4TefvduRCLRwQwhIF82rqsbSkl7W','483','1453132753','2016-01-18 12:59:13','2016-01-18 12:59:13'), ('WDPoaqNjtf3GdAtwu0e0yDXadgWFZLpKKwQfr8og','400','1452794691','2016-01-14 15:04:52','2016-01-14 15:04:52'), ('WgZEIy5SHmbDSN2Y19Tjx2bIg7PCwJzK3Rf4gb3j','119','1451945018','2016-01-04 19:03:38','2016-01-04 19:03:38'), ('WjmHKPWLZ8kO9zUD8plErY4I765rLIqxan7VA1pw','223','1452103120','2016-01-06 14:58:40','2016-01-06 14:58:40'), ('WoLfdIIzGRYGv0PvFeWUhsM6yxj2TjT4r2E1TUm8','117','1451944360','2016-01-04 18:52:40','2016-01-04 18:52:40'), ('WR2EXeeqVm92cFuvILnedpyQvNEdL8qcroldmFTq','350','1452285199','2016-01-08 17:33:19','2016-01-08 17:33:19'), ('wsJJICRd0AVvFZAxwLuAs8M0FhN3mh55hphkLmec','31','1451879697','2016-01-04 00:54:57','2016-01-04 00:54:57'), ('WTirCEpN0oeeUTU5ytVGvXShwMwSI0pCUAJftrlM','192','1452027093','2016-01-05 17:51:33','2016-01-05 17:51:33'), ('WwVLVAcq1Gdt1WbeyA9qoG7LDyirVu9332qmDMPU','341','1452282821','2016-01-08 16:53:41','2016-01-08 16:53:41'), ('wYo49O9I4jJ7nXQBAQ3tUMHPzTyFGmHeqFooXe25','253','1452108044','2016-01-06 16:20:44','2016-01-06 16:20:44'), ('WZbHPzn9Vrb27ifwYSUXTbBVaGxOvJZjMmMCd5pp','122','1451946779','2016-01-04 19:32:59','2016-01-04 19:32:59'), ('x0oU8XnIg2SAubQDrjKaX8leQUlZvlSCLTNIumlb','228','1452104252','2016-01-06 15:17:32','2016-01-06 15:17:32'), ('x4QVSpUC1HVohRP6xbASpsnnwis3qQ2qlszi6fjG','494','1453476243','2016-01-22 12:24:03','2016-01-22 12:24:03'), ('XHhOqijpEjO5o1idk5CV17AvPd9EDBRdgqZxag1e','36','1451880310','2016-01-04 01:05:10','2016-01-04 01:05:10'), ('xLXmRwPvAMBaAhlIOjFKnhp4JRcP41S4EKinXul0','94','1451935669','2016-01-04 16:27:50','2016-01-04 16:27:50'), ('xNGl6SN1ToEbIleF2ms6DiI6anzr7jBvA75ZzQPS','168','1451960006','2016-01-04 23:13:26','2016-01-04 23:13:26'), ('XNuKoXNLGV0ygn8sfEqakhNU7jx4mDbNW1fHOlqg','268','1452113063','2016-01-06 17:44:23','2016-01-06 17:44:23'), ('xOK7kj03ZMR4M3Dn2Jp8zlJqHdCYzSHf5aF4uYPw','282','1452265306','2016-01-08 12:01:46','2016-01-08 12:01:46'), ('xQtEEJf5piMAfpGMTUw4aajy0YlGFAcGNKxKgs8h','476','1453131827','2016-01-18 12:43:47','2016-01-18 12:43:47'), ('xs8hkVaKjpvLmYnxk5nijNedcuFxOkes0cvbZ8Ys','325','1452275941','2016-01-08 14:59:01','2016-01-08 14:59:01'), ('xzG2lg5SopRXAg70SDtIPwzvY7l62a4YYS8LgXT0','441','1452810178','2016-01-14 19:22:58','2016-01-14 19:22:58'), ('y4qw5MHHSzr87EwYXE4zDbcfKiUPu50WkbRoplBF','488','1453133650','2016-01-18 13:14:10','2016-01-18 13:14:10'), ('Y9NbjDy2csVKOHabOllvo59nnX091xV9RfDJgN91','426','1452803837','2016-01-14 17:37:17','2016-01-14 17:37:17'), ('y9PidRkvClk8XAbqQcV5ehpHzW4gP0wUfwqILEoU','334','1452276894','2016-01-08 15:14:54','2016-01-08 15:14:54'), ('ye8ObkwJ91tgRbgME3bO7GjUIpfwuGWS57ZRPAuV','216','1452094260','2016-01-06 12:31:00','2016-01-06 12:31:00'), ('yeFAyjFLdlmtB5w9zM8r6uv50o77WhFedUHyD7fz','310','1452274271','2016-01-08 14:31:11','2016-01-08 14:31:11'), ('YGLqnoueF4Cr6aPbthyb2PmNdikIGUBYLm08A71d','27','1451878862','2016-01-04 00:41:02','2016-01-04 00:41:02'), ('yHTSAeaRMgqHvNwlZv2rp8xlrkqLeml1iDIqlukG','215','1452060945','2016-01-06 03:15:45','2016-01-06 03:15:45'), ('yk1wmlkcn7NBnbAV58zbnNbZr9ECrhUzwlfHSxMS','306','1452274024','2016-01-08 14:27:04','2016-01-08 14:27:04'), ('ymHZoNofBBWXDMQzRnMR6uEHpAljD0uKKNDyAMdw','293','1452271356','2016-01-08 13:42:36','2016-01-08 13:42:36'), ('YMPLONmOtPfAguMM0TkcYoHRQuvqrIQkIJdcZ301','41','1451882842','2016-01-04 01:47:22','2016-01-04 01:47:22'), ('YMWka1tEVFj8WzuAxdEet3eS4hxvX5hwRAzpyoNe','202','1452058255','2016-01-06 02:30:55','2016-01-06 02:30:55'), ('yPzf9tU7GmLCqRvVUhYsghjrv8UMgxIYetknJVfW','275','1452182036','2016-01-07 12:53:57','2016-01-07 12:53:57'), ('YsA2WcUnA5xFMt8qfxzpZXDw3CSr53ouR46RqEgv','274','1452181421','2016-01-07 12:43:45','2016-01-07 12:43:45'), ('YuhtyTwRB0X0t57zGWUnK4eXuxJNGfbhB0SAvxuN','237','1452106055','2016-01-06 15:47:35','2016-01-06 15:47:35'), ('yuJBThVY8ZmGw092ANsnQ6I21VimTG4JCJVoGgxb','404','1452796115','2016-01-14 15:28:35','2016-01-14 15:28:35'), ('YyeLUTrez0BZQ7kQz5ehVpjQY7gDLvstvAmFpYWj','118','1451944420','2016-01-04 18:53:40','2016-01-04 18:53:40'), ('YYqyqbGyGCfwZcdjohS8FDfpKU5p5ADmYelICPs4','270','1452113404','2016-01-06 17:50:04','2016-01-06 17:50:04'), ('YzR6MROoFoaOYRFgltgympptAXOZewXBplagLB38','359','1452289951','2016-01-08 18:52:32','2016-01-08 18:52:32'), ('Z4hKiFHx316ZDl5zdzbM7B1X4n2a97exf7KPucnZ','284','1452265565','2016-01-08 12:06:05','2016-01-08 12:06:05'), ('z8Yyhm8S6SZhSYaHZmRjM1XkkE5r8BD2Ypw1NM91','457','1452872266','2016-01-15 12:37:46','2016-01-15 12:37:46'), ('Z9DMN4S5pmxzVsekaOahXwDSZY4zXjW4puS7NBQ7','336','1452281993','2016-01-08 16:39:53','2016-01-08 16:39:53'), ('ZbX4VZzfuio8TW9Ah7NiyDaaC89UiFndeGfQtN9U','464','1452873796','2016-01-15 13:03:16','2016-01-15 13:03:16'), ('zDREjvr0LUOzQLGxRpGBzIv2NNzx475lGX3sZq9j','57','1451908192','2016-01-04 08:49:52','2016-01-04 08:49:52'), ('ZmVGCU2C5c9Cgm4JSwBJZEKiYzKQmn1AgLJybO48','201','1452057907','2016-01-06 02:25:07','2016-01-06 02:25:07'), ('zN2doAEtGlnXDSsJ42JItSjSKcAhqEF4V2i5PvJw','360','1452610261','2016-01-12 11:51:01','2016-01-12 11:51:01'), ('zQAr7jGiNpIxOY7abLJWgEpvILFXIWvBB0FfoqVL','276','1452182671','2016-01-07 13:04:31','2016-01-07 13:04:31'), ('ZsXdKQGMoLkOY6UCt0gB5czqihcqMMQxhVXfh9ON','55','1451907640','2016-01-04 08:40:40','2016-01-04 08:40:40'), ('zxaIvOXqjpS3ovZPiRFibkGlqyHRPgVuePuVAzAl','19','1451877034','2016-01-04 00:10:34','2016-01-04 00:10:34'), ('zYJOgjdxKpTmDT41HDgo3DZvpP1Ly9rXAP5xhrRp','361','1452619425','2016-01-12 14:23:45','2016-01-12 14:23:45'), ('zZFkBBS1okOffQv0t6V3aCEZe4Acw5NbNGWeeW9P','309','1452274204','2016-01-08 14:30:04','2016-01-08 14:30:04'), ('ZZs3I6bpOb83LTtkwfZgCFjZi9gEjaqQ49Wrv9sg','4','1451859485','2016-01-03 19:18:05','2016-01-03 19:18:05');
INSERT INTO `oauth_clients` VALUES ('1','secret','conquist','2016-01-03 00:00:00','2016-01-03 00:00:00');
INSERT INTO `oauth_sessions` VALUES ('1','1','user','2',NULL,'2016-01-03 18:44:18','2016-01-03 18:44:18'), ('2','1','user','2',NULL,'2016-01-03 18:46:42','2016-01-03 18:46:42'), ('3','1','user','2',NULL,'2016-01-03 19:00:01','2016-01-03 19:00:01'), ('4','1','user','2',NULL,'2016-01-03 19:18:05','2016-01-03 19:18:05'), ('5','1','user','2',NULL,'2016-01-03 19:19:42','2016-01-03 19:19:42'), ('6','1','user','2',NULL,'2016-01-03 19:20:40','2016-01-03 19:20:40'), ('7','1','user','2',NULL,'2016-01-03 19:34:12','2016-01-03 19:34:12'), ('8','1','user','2',NULL,'2016-01-03 19:52:33','2016-01-03 19:52:33'), ('9','1','user','2',NULL,'2016-01-03 20:12:08','2016-01-03 20:12:08'), ('10','1','user','2',NULL,'2016-01-03 22:01:06','2016-01-03 22:01:06'), ('11','1','user','2',NULL,'2016-01-03 22:07:18','2016-01-03 22:07:18'), ('12','1','user','2',NULL,'2016-01-03 23:15:54','2016-01-03 23:15:54'), ('13','1','user','2',NULL,'2016-01-03 23:47:07','2016-01-03 23:47:07'), ('14','1','user','2',NULL,'2016-01-03 23:49:34','2016-01-03 23:49:34'), ('15','1','user','2',NULL,'2016-01-03 23:51:41','2016-01-03 23:51:41'), ('16','1','user','2',NULL,'2016-01-03 23:52:55','2016-01-03 23:52:55'), ('17','1','user','2',NULL,'2016-01-04 00:07:08','2016-01-04 00:07:08'), ('18','1','user','2',NULL,'2016-01-04 00:09:04','2016-01-04 00:09:04'), ('19','1','user','2',NULL,'2016-01-04 00:10:34','2016-01-04 00:10:34'), ('20','1','user','2',NULL,'2016-01-04 00:16:26','2016-01-04 00:16:26'), ('21','1','user','2',NULL,'2016-01-04 00:21:59','2016-01-04 00:21:59'), ('22','1','user','2',NULL,'2016-01-04 00:25:11','2016-01-04 00:25:11'), ('23','1','user','2',NULL,'2016-01-04 00:28:05','2016-01-04 00:28:05'), ('24','1','user','2',NULL,'2016-01-04 00:29:37','2016-01-04 00:29:37'), ('25','1','user','2',NULL,'2016-01-04 00:37:00','2016-01-04 00:37:00'), ('26','1','user','2',NULL,'2016-01-04 00:37:02','2016-01-04 00:37:02'), ('27','1','user','2',NULL,'2016-01-04 00:41:02','2016-01-04 00:41:02'), ('28','1','user','2',NULL,'2016-01-04 00:46:20','2016-01-04 00:46:20'), ('29','1','user','2',NULL,'2016-01-04 00:48:36','2016-01-04 00:48:36'), ('30','1','user','2',NULL,'2016-01-04 00:50:16','2016-01-04 00:50:16'), ('31','1','user','2',NULL,'2016-01-04 00:54:57','2016-01-04 00:54:57'), ('32','1','user','2',NULL,'2016-01-04 00:59:20','2016-01-04 00:59:20'), ('33','1','user','2',NULL,'2016-01-04 01:01:17','2016-01-04 01:01:17'), ('34','1','user','2',NULL,'2016-01-04 01:02:45','2016-01-04 01:02:45'), ('35','1','user','2',NULL,'2016-01-04 01:02:47','2016-01-04 01:02:47'), ('36','1','user','2',NULL,'2016-01-04 01:05:10','2016-01-04 01:05:10'), ('37','1','user','2',NULL,'2016-01-04 01:05:12','2016-01-04 01:05:12'), ('38','1','user','2',NULL,'2016-01-04 01:22:03','2016-01-04 01:22:03'), ('39','1','user','2',NULL,'2016-01-04 01:30:14','2016-01-04 01:30:14'), ('40','1','user','2',NULL,'2016-01-04 01:30:16','2016-01-04 01:30:16'), ('41','1','user','2',NULL,'2016-01-04 01:47:22','2016-01-04 01:47:22'), ('42','1','user','2',NULL,'2016-01-04 02:13:09','2016-01-04 02:13:09'), ('43','1','user','2',NULL,'2000-12-31 22:09:11','2000-12-31 22:09:11'), ('44','1','user','2',NULL,'2000-12-31 22:22:28','2000-12-31 22:22:28'), ('45','1','user','2',NULL,'2000-12-31 22:26:14','2000-12-31 22:26:14'), ('46','1','user','2',NULL,'2000-12-31 22:28:04','2000-12-31 22:28:04'), ('47','1','user','2',NULL,'2000-12-31 22:31:38','2000-12-31 22:31:38'), ('48','1','user','2',NULL,'2000-12-31 22:34:11','2000-12-31 22:34:11'), ('49','1','user','2',NULL,'2000-12-31 22:38:07','2000-12-31 22:38:07'), ('50','1','user','2',NULL,'2000-12-31 22:46:52','2000-12-31 22:46:52'), ('51','1','user','2',NULL,'2000-12-31 22:49:11','2000-12-31 22:49:11'), ('52','1','user','2',NULL,'2000-12-31 22:52:02','2000-12-31 22:52:02'), ('53','1','user','2',NULL,'2016-01-04 08:23:59','2016-01-04 08:23:59'), ('54','1','user','2',NULL,'2016-01-04 08:39:15','2016-01-04 08:39:15'), ('55','1','user','2',NULL,'2016-01-04 08:40:40','2016-01-04 08:40:40'), ('56','1','user','2',NULL,'2016-01-04 08:47:00','2016-01-04 08:47:00'), ('57','1','user','2',NULL,'2016-01-04 08:49:52','2016-01-04 08:49:52'), ('58','1','user','2',NULL,'2016-01-04 08:56:48','2016-01-04 08:56:48'), ('59','1','user','2',NULL,'2016-01-04 09:00:34','2016-01-04 09:00:34'), ('60','1','user','2',NULL,'2016-01-04 09:03:50','2016-01-04 09:03:50'), ('61','1','user','2',NULL,'2016-01-04 09:15:01','2016-01-04 09:15:01'), ('62','1','user','2',NULL,'2016-01-04 09:25:35','2016-01-04 09:25:35'), ('63','1','user','2',NULL,'2016-01-04 09:29:44','2016-01-04 09:29:44'), ('64','1','user','2',NULL,'2016-01-04 09:33:28','2016-01-04 09:33:28'), ('65','1','user','2',NULL,'2016-01-04 09:44:21','2016-01-04 09:44:21'), ('66','1','user','2',NULL,'2016-01-04 09:49:13','2016-01-04 09:49:13'), ('67','1','user','2',NULL,'2016-01-04 09:54:52','2016-01-04 09:54:52'), ('68','1','user','2',NULL,'2016-01-04 09:58:06','2016-01-04 09:58:06'), ('69','1','user','2',NULL,'2016-01-04 10:07:02','2016-01-04 10:07:02'), ('70','1','user','2',NULL,'2016-01-04 10:09:31','2016-01-04 10:09:31'), ('71','1','user','2',NULL,'2016-01-04 10:18:54','2016-01-04 10:18:54'), ('72','1','user','2',NULL,'2016-01-04 10:29:58','2016-01-04 10:29:58'), ('73','1','user','2',NULL,'2016-01-04 10:52:05','2016-01-04 10:52:05'), ('74','1','user','2',NULL,'2016-01-04 10:54:59','2016-01-04 10:54:59'), ('75','1','user','2',NULL,'2016-01-04 11:01:36','2016-01-04 11:01:36'), ('76','1','user','2',NULL,'2016-01-04 11:09:33','2016-01-04 11:09:33'), ('77','1','user','2',NULL,'2016-01-04 13:18:58','2016-01-04 13:18:58'), ('78','1','user','2',NULL,'2016-01-04 13:19:01','2016-01-04 13:19:01'), ('79','1','user','2',NULL,'2016-01-04 13:24:06','2016-01-04 13:24:06'), ('80','1','user','2',NULL,'2016-01-04 13:24:08','2016-01-04 13:24:08'), ('81','1','user','2',NULL,'2016-01-04 13:33:14','2016-01-04 13:33:14'), ('82','1','user','2',NULL,'2016-01-04 13:33:58','2016-01-04 13:33:58'), ('83','1','user','2',NULL,'2016-01-04 13:44:05','2016-01-04 13:44:05'), ('84','1','user','2',NULL,'2016-01-04 13:45:43','2016-01-04 13:45:43'), ('85','1','user','2',NULL,'2016-01-04 13:48:08','2016-01-04 13:48:08'), ('86','1','user','2',NULL,'2016-01-04 14:07:47','2016-01-04 14:07:47'), ('87','1','user','2',NULL,'2016-01-04 14:24:29','2016-01-04 14:24:29'), ('88','1','user','2',NULL,'2016-01-04 14:26:36','2016-01-04 14:26:36'), ('89','1','user','2',NULL,'2016-01-04 16:17:23','2016-01-04 16:17:23'), ('90','1','user','2',NULL,'2016-01-04 16:19:14','2016-01-04 16:19:14'), ('91','1','user','2',NULL,'2016-01-04 16:22:13','2016-01-04 16:22:13'), ('92','1','user','2',NULL,'2016-01-04 16:23:38','2016-01-04 16:23:38'), ('93','1','user','2',NULL,'2016-01-04 16:25:56','2016-01-04 16:25:56'), ('94','1','user','2',NULL,'2016-01-04 16:27:50','2016-01-04 16:27:50'), ('95','1','user','2',NULL,'2016-01-04 16:28:57','2016-01-04 16:28:57'), ('96','1','user','2',NULL,'2016-01-04 16:36:38','2016-01-04 16:36:38'), ('97','1','user','2',NULL,'2016-01-04 16:47:14','2016-01-04 16:47:14'), ('98','1','user','2',NULL,'2016-01-04 17:06:38','2016-01-04 17:06:38'), ('99','1','user','2',NULL,'2016-01-04 17:13:35','2016-01-04 17:13:35'), ('100','1','user','2',NULL,'2016-01-04 17:20:58','2016-01-04 17:20:58');
INSERT INTO `oauth_sessions` VALUES ('101','1','user','2',NULL,'2016-01-04 17:23:03','2016-01-04 17:23:03'), ('102','1','user','2',NULL,'2016-01-04 17:24:46','2016-01-04 17:24:46'), ('103','1','user','2',NULL,'2016-01-04 17:26:46','2016-01-04 17:26:46'), ('104','1','user','2',NULL,'2016-01-04 17:38:46','2016-01-04 17:38:46'), ('105','1','user','2',NULL,'2016-01-04 17:39:49','2016-01-04 17:39:49'), ('106','1','user','2',NULL,'2016-01-04 17:46:42','2016-01-04 17:46:42'), ('107','1','user','2',NULL,'2016-01-04 17:49:45','2016-01-04 17:49:45'), ('108','1','user','2',NULL,'2016-01-04 18:09:45','2016-01-04 18:09:45'), ('109','1','user','2',NULL,'2016-01-04 18:29:37','2016-01-04 18:29:37'), ('110','1','user','2',NULL,'2016-01-04 18:29:41','2016-01-04 18:29:41'), ('111','1','user','2',NULL,'2016-01-04 18:42:52','2016-01-04 18:42:52'), ('112','1','user','2',NULL,'2016-01-04 18:44:54','2016-01-04 18:44:54'), ('113','1','user','2',NULL,'2016-01-04 18:46:01','2016-01-04 18:46:01'), ('114','1','user','2',NULL,'2016-01-04 18:46:03','2016-01-04 18:46:03'), ('115','1','user','2',NULL,'2016-01-04 18:48:07','2016-01-04 18:48:07'), ('116','1','user','2',NULL,'2016-01-04 18:51:21','2016-01-04 18:51:21'), ('117','1','user','2',NULL,'2016-01-04 18:52:40','2016-01-04 18:52:40'), ('118','1','user','2',NULL,'2016-01-04 18:53:40','2016-01-04 18:53:40'), ('119','1','user','2',NULL,'2016-01-04 19:03:38','2016-01-04 19:03:38'), ('120','1','user','2',NULL,'2016-01-04 19:08:15','2016-01-04 19:08:15'), ('121','1','user','2',NULL,'2016-01-04 19:18:54','2016-01-04 19:18:54'), ('122','1','user','2',NULL,'2016-01-04 19:32:59','2016-01-04 19:32:59'), ('123','1','user','2',NULL,'2016-01-04 19:42:38','2016-01-04 19:42:38'), ('124','1','user','2',NULL,'2016-01-04 19:47:13','2016-01-04 19:47:13'), ('125','1','user','2',NULL,'2016-01-04 19:48:28','2016-01-04 19:48:28'), ('126','1','user','2',NULL,'2016-01-04 19:48:29','2016-01-04 19:48:29'), ('127','1','user','2',NULL,'2016-01-04 19:55:00','2016-01-04 19:55:00'), ('128','1','user','2',NULL,'2016-01-04 19:57:29','2016-01-04 19:57:29'), ('129','1','user','2',NULL,'2016-01-04 19:58:44','2016-01-04 19:58:44'), ('130','1','user','2',NULL,'2016-01-04 19:58:46','2016-01-04 19:58:46'), ('131','1','user','2',NULL,'2016-01-04 20:01:02','2016-01-04 20:01:02'), ('132','1','user','2',NULL,'2016-01-04 20:03:04','2016-01-04 20:03:04'), ('133','1','user','2',NULL,'2016-01-04 20:05:52','2016-01-04 20:05:52'), ('134','1','user','2',NULL,'2016-01-04 20:17:49','2016-01-04 20:17:49'), ('135','1','user','2',NULL,'2016-01-04 20:23:51','2016-01-04 20:23:51'), ('136','1','user','2',NULL,'2016-01-04 20:37:16','2016-01-04 20:37:16'), ('137','1','user','2',NULL,'2016-01-04 20:37:17','2016-01-04 20:37:17'), ('138','1','user','2',NULL,'2016-01-04 20:39:04','2016-01-04 20:39:04'), ('139','1','user','2',NULL,'2016-01-04 20:42:35','2016-01-04 20:42:35'), ('140','1','user','2',NULL,'2016-01-04 20:44:28','2016-01-04 20:44:28'), ('141','1','user','2',NULL,'2016-01-04 20:44:29','2016-01-04 20:44:29'), ('142','1','user','2',NULL,'2016-01-04 20:50:30','2016-01-04 20:50:30'), ('143','1','user','2',NULL,'2016-01-04 21:07:13','2016-01-04 21:07:13'), ('144','1','user','2',NULL,'2016-01-04 21:12:41','2016-01-04 21:12:41'), ('145','1','user','2',NULL,'2016-01-04 21:14:24','2016-01-04 21:14:24'), ('146','1','user','2',NULL,'2016-01-04 21:14:24','2016-01-04 21:14:24'), ('147','1','user','2',NULL,'2016-01-04 21:18:47','2016-01-04 21:18:47'), ('148','1','user','2',NULL,'2016-01-04 21:20:53','2016-01-04 21:20:53'), ('149','1','user','2',NULL,'2016-01-04 21:20:54','2016-01-04 21:20:54'), ('150','1','user','2',NULL,'2016-01-04 21:23:06','2016-01-04 21:23:06'), ('151','1','user','2',NULL,'2016-01-04 21:25:41','2016-01-04 21:25:41'), ('152','1','user','2',NULL,'2016-01-04 21:31:56','2016-01-04 21:31:56'), ('153','1','user','2',NULL,'2016-01-04 21:36:15','2016-01-04 21:36:15'), ('154','1','user','2',NULL,'2016-01-04 21:40:07','2016-01-04 21:40:07'), ('155','1','user','2',NULL,'2016-01-04 21:40:08','2016-01-04 21:40:08'), ('156','1','user','2',NULL,'2016-01-04 21:40:09','2016-01-04 21:40:09'), ('157','1','user','2',NULL,'2016-01-04 21:42:30','2016-01-04 21:42:30'), ('158','1','user','2',NULL,'2016-01-04 21:45:18','2016-01-04 21:45:18'), ('159','1','user','2',NULL,'2016-01-04 21:45:19','2016-01-04 21:45:19'), ('160','1','user','2',NULL,'2016-01-04 21:48:36','2016-01-04 21:48:36'), ('161','1','user','2',NULL,'2016-01-04 22:06:04','2016-01-04 22:06:04'), ('162','1','user','2',NULL,'2016-01-04 22:14:27','2016-01-04 22:14:27'), ('163','1','user','2',NULL,'2016-01-04 22:15:57','2016-01-04 22:15:57'), ('164','1','user','2',NULL,'2016-01-04 22:25:45','2016-01-04 22:25:45'), ('165','1','user','2',NULL,'2016-01-04 22:25:46','2016-01-04 22:25:46'), ('166','1','user','2',NULL,'2016-01-04 22:33:46','2016-01-04 22:33:46'), ('167','1','user','2',NULL,'2016-01-04 22:50:53','2016-01-04 22:50:53'), ('168','1','user','2',NULL,'2016-01-04 23:13:26','2016-01-04 23:13:26'), ('169','1','user','2',NULL,'2016-01-04 23:22:07','2016-01-04 23:22:07'), ('170','1','user','2',NULL,'2016-01-04 23:29:28','2016-01-04 23:29:28'), ('171','1','user','2',NULL,'2016-01-04 23:43:14','2016-01-04 23:43:14'), ('172','1','user','2',NULL,'2016-01-04 23:51:02','2016-01-04 23:51:02'), ('173','1','user','2',NULL,'2016-01-05 00:04:16','2016-01-05 00:04:16'), ('174','1','user','2',NULL,'2016-01-05 00:04:18','2016-01-05 00:04:18'), ('175','1','user','2',NULL,'2016-01-05 00:06:18','2016-01-05 00:06:18'), ('176','1','user','2',NULL,'2016-01-05 00:20:16','2016-01-05 00:20:16'), ('177','1','user','2',NULL,'2016-01-05 00:41:32','2016-01-05 00:41:32'), ('178','1','user','2',NULL,'2016-01-05 01:25:32','2016-01-05 01:25:32'), ('179','1','user','2',NULL,'2016-01-05 01:32:25','2016-01-05 01:32:25'), ('180','1','user','2',NULL,'2016-01-05 01:42:16','2016-01-05 01:42:16'), ('181','1','user','2',NULL,'2016-01-05 02:27:37','2016-01-05 02:27:37'), ('182','1','user','2',NULL,'2016-01-05 02:30:29','2016-01-05 02:30:29'), ('183','1','user','2',NULL,'2016-01-05 02:35:36','2016-01-05 02:35:36'), ('184','1','user','2',NULL,'2016-01-05 11:02:04','2016-01-05 11:02:04'), ('185','1','user','2',NULL,'2016-01-05 14:17:05','2016-01-05 14:17:05'), ('186','1','user','2',NULL,'2016-01-05 14:50:02','2016-01-05 14:50:02'), ('187','1','user','2',NULL,'2016-01-05 14:51:18','2016-01-05 14:51:18'), ('188','1','user','2',NULL,'2016-01-05 14:52:18','2016-01-05 14:52:18'), ('189','1','user','2',NULL,'2016-01-05 14:53:55','2016-01-05 14:53:55'), ('190','1','user','2',NULL,'2016-01-05 14:54:49','2016-01-05 14:54:49'), ('191','1','user','2',NULL,'2016-01-05 15:02:25','2016-01-05 15:02:25'), ('192','1','user','2',NULL,'2016-01-05 17:51:33','2016-01-05 17:51:33'), ('193','1','user','2',NULL,'2016-01-06 01:44:02','2016-01-06 01:44:02'), ('194','1','user','2',NULL,'2016-01-06 01:49:28','2016-01-06 01:49:28'), ('195','1','user','2',NULL,'2016-01-06 01:52:00','2016-01-06 01:52:00'), ('196','1','user','2',NULL,'2016-01-06 01:53:28','2016-01-06 01:53:28'), ('197','1','user','2',NULL,'2016-01-06 01:55:32','2016-01-06 01:55:32'), ('198','1','user','2',NULL,'2016-01-06 02:06:28','2016-01-06 02:06:28'), ('199','1','user','2',NULL,'2016-01-06 02:09:59','2016-01-06 02:09:59'), ('200','1','user','2',NULL,'2016-01-06 02:19:30','2016-01-06 02:19:30');
INSERT INTO `oauth_sessions` VALUES ('201','1','user','2',NULL,'2016-01-06 02:25:07','2016-01-06 02:25:07'), ('202','1','user','2',NULL,'2016-01-06 02:30:55','2016-01-06 02:30:55'), ('203','1','user','2',NULL,'2016-01-06 02:34:00','2016-01-06 02:34:00'), ('204','1','user','2',NULL,'2016-01-06 02:40:15','2016-01-06 02:40:15'), ('205','1','user','2',NULL,'2016-01-06 02:42:21','2016-01-06 02:42:21'), ('206','1','user','2',NULL,'2016-01-06 02:44:48','2016-01-06 02:44:48'), ('207','1','user','2',NULL,'2016-01-06 02:49:30','2016-01-06 02:49:30'), ('208','1','user','2',NULL,'2016-01-06 02:52:10','2016-01-06 02:52:10'), ('209','1','user','2',NULL,'2016-01-06 02:58:59','2016-01-06 02:58:59'), ('210','1','user','2',NULL,'2016-01-06 03:01:55','2016-01-06 03:01:55'), ('211','1','user','2',NULL,'2016-01-06 03:06:51','2016-01-06 03:06:51'), ('212','1','user','2',NULL,'2016-01-06 03:07:39','2016-01-06 03:07:39'), ('213','1','user','2',NULL,'2016-01-06 03:11:06','2016-01-06 03:11:06'), ('214','1','user','2',NULL,'2016-01-06 03:14:01','2016-01-06 03:14:01'), ('215','1','user','2',NULL,'2016-01-06 03:15:45','2016-01-06 03:15:45'), ('216','1','user','2',NULL,'2016-01-06 12:31:00','2016-01-06 12:31:00'), ('217','1','user','2',NULL,'2016-01-06 13:32:16','2016-01-06 13:32:16'), ('218','1','user','2',NULL,'2016-01-06 13:47:07','2016-01-06 13:47:07'), ('219','1','user','2',NULL,'2016-01-06 14:04:25','2016-01-06 14:04:25'), ('220','1','user','2',NULL,'2016-01-06 14:06:12','2016-01-06 14:06:12'), ('221','1','user','2',NULL,'2016-01-06 14:33:18','2016-01-06 14:33:18'), ('222','1','user','2',NULL,'2016-01-06 14:34:22','2016-01-06 14:34:22'), ('223','1','user','2',NULL,'2016-01-06 14:58:40','2016-01-06 14:58:40'), ('224','1','user','2',NULL,'2016-01-06 15:01:23','2016-01-06 15:01:23'), ('225','1','user','2',NULL,'2016-01-06 15:02:41','2016-01-06 15:02:41'), ('226','1','user','2',NULL,'2016-01-06 15:06:07','2016-01-06 15:06:07'), ('227','1','user','2',NULL,'2016-01-06 15:07:53','2016-01-06 15:07:53'), ('228','1','user','2',NULL,'2016-01-06 15:17:32','2016-01-06 15:17:32'), ('229','1','user','2',NULL,'2016-01-06 15:28:10','2016-01-06 15:28:10'), ('230','1','user','2',NULL,'2016-01-06 15:37:22','2016-01-06 15:37:22'), ('231','1','user','2',NULL,'2016-01-06 15:38:13','2016-01-06 15:38:13'), ('232','1','user','2',NULL,'2016-01-06 15:42:23','2016-01-06 15:42:23'), ('233','1','user','2',NULL,'2016-01-06 15:43:26','2016-01-06 15:43:26'), ('234','1','user','2',NULL,'2016-01-06 15:44:17','2016-01-06 15:44:17'), ('235','1','user','2',NULL,'2016-01-06 15:45:21','2016-01-06 15:45:21'), ('236','1','user','2',NULL,'2016-01-06 15:46:29','2016-01-06 15:46:29'), ('237','1','user','2',NULL,'2016-01-06 15:47:35','2016-01-06 15:47:35'), ('238','1','user','2',NULL,'2016-01-06 15:48:42','2016-01-06 15:48:42'), ('239','1','user','2',NULL,'2016-01-06 15:52:32','2016-01-06 15:52:32'), ('240','1','user','2',NULL,'2016-01-06 15:53:13','2016-01-06 15:53:13'), ('241','1','user','2',NULL,'2016-01-06 15:56:46','2016-01-06 15:56:46'), ('242','1','user','2',NULL,'2016-01-06 15:58:32','2016-01-06 15:58:32'), ('243','1','user','2',NULL,'2016-01-06 15:59:27','2016-01-06 15:59:27'), ('244','1','user','2',NULL,'2016-01-06 15:59:46','2016-01-06 15:59:46'), ('245','1','user','2',NULL,'2016-01-06 15:59:59','2016-01-06 15:59:59'), ('246','1','user','2',NULL,'2016-01-06 16:00:26','2016-01-06 16:00:26'), ('247','1','user','2',NULL,'2016-01-06 16:07:28','2016-01-06 16:07:28'), ('248','1','user','2',NULL,'2016-01-06 16:13:18','2016-01-06 16:13:18'), ('249','1','user','2',NULL,'2016-01-06 16:13:36','2016-01-06 16:13:36'), ('250','1','user','2',NULL,'2016-01-06 16:15:22','2016-01-06 16:15:22'), ('251','1','user','2',NULL,'2016-01-06 16:17:50','2016-01-06 16:17:50'), ('252','1','user','2',NULL,'2016-01-06 16:18:59','2016-01-06 16:18:59'), ('253','1','user','2',NULL,'2016-01-06 16:20:44','2016-01-06 16:20:44'), ('254','1','user','2',NULL,'2016-01-06 16:22:23','2016-01-06 16:22:23'), ('255','1','user','2',NULL,'2016-01-06 16:26:51','2016-01-06 16:26:51'), ('256','1','user','2',NULL,'2016-01-06 16:27:22','2016-01-06 16:27:22'), ('257','1','user','2',NULL,'2016-01-06 16:29:13','2016-01-06 16:29:13'), ('258','1','user','2',NULL,'2016-01-06 16:31:51','2016-01-06 16:31:51'), ('259','1','user','2',NULL,'2016-01-06 16:35:06','2016-01-06 16:35:06'), ('260','1','user','2',NULL,'2016-01-06 16:40:27','2016-01-06 16:40:27'), ('261','1','user','2',NULL,'2016-01-06 16:43:33','2016-01-06 16:43:33'), ('262','1','user','2',NULL,'2016-01-06 16:48:08','2016-01-06 16:48:08'), ('263','1','user','2',NULL,'2016-01-06 16:48:52','2016-01-06 16:48:52'), ('264','1','user','2',NULL,'2016-01-06 16:49:49','2016-01-06 16:49:49'), ('265','1','user','2',NULL,'2016-01-06 17:04:59','2016-01-06 17:04:59'), ('266','1','user','2',NULL,'2016-01-06 17:38:11','2016-01-06 17:38:11'), ('267','1','user','2',NULL,'2016-01-06 17:39:56','2016-01-06 17:39:56'), ('268','1','user','2',NULL,'2016-01-06 17:44:23','2016-01-06 17:44:23'), ('269','1','user','2',NULL,'2016-01-06 17:45:38','2016-01-06 17:45:38'), ('270','1','user','2',NULL,'2016-01-06 17:50:04','2016-01-06 17:50:04'), ('271','1','user','2',NULL,'2016-01-06 17:51:41','2016-01-06 17:51:41'), ('272','1','user','2',NULL,'2016-01-06 17:55:19','2016-01-06 17:55:19'), ('273','1','user','2',NULL,'2016-01-06 18:32:37','2016-01-06 18:32:37'), ('274','1','user','2',NULL,'2016-01-07 12:43:42','2016-01-07 12:43:42'), ('275','1','user','2',NULL,'2016-01-07 12:53:56','2016-01-07 12:53:56'), ('276','1','user','2',NULL,'2016-01-07 13:04:31','2016-01-07 13:04:31'), ('277','1','user','2',NULL,'2016-01-07 14:41:06','2016-01-07 14:41:06'), ('278','1','user','2',NULL,'2016-01-07 14:43:23','2016-01-07 14:43:23'), ('279','1','user','2',NULL,'2016-01-07 14:43:41','2016-01-07 14:43:41'), ('280','1','user','2',NULL,'2016-01-08 11:45:11','2016-01-08 11:45:11'), ('281','1','user','2',NULL,'2016-01-08 11:49:12','2016-01-08 11:49:12'), ('282','1','user','2',NULL,'2016-01-08 12:01:46','2016-01-08 12:01:46'), ('283','1','user','2',NULL,'2016-01-08 12:05:14','2016-01-08 12:05:14'), ('284','1','user','2',NULL,'2016-01-08 12:06:05','2016-01-08 12:06:05'), ('285','1','user','2',NULL,'2016-01-08 12:23:50','2016-01-08 12:23:50'), ('286','1','user','2',NULL,'2016-01-08 12:25:50','2016-01-08 12:25:50'), ('287','1','user','2',NULL,'2016-01-08 12:28:18','2016-01-08 12:28:18'), ('288','1','user','2',NULL,'2016-01-08 12:30:56','2016-01-08 12:30:56'), ('289','1','user','2',NULL,'2016-01-08 13:38:23','2016-01-08 13:38:23'), ('290','1','user','2',NULL,'2016-01-08 13:39:08','2016-01-08 13:39:08'), ('291','1','user','2',NULL,'2016-01-08 13:40:50','2016-01-08 13:40:50'), ('292','1','user','2',NULL,'2016-01-08 13:41:27','2016-01-08 13:41:27'), ('293','1','user','2',NULL,'2016-01-08 13:42:36','2016-01-08 13:42:36'), ('294','1','user','2',NULL,'2016-01-08 13:45:00','2016-01-08 13:45:00'), ('295','1','user','2',NULL,'2016-01-08 13:55:53','2016-01-08 13:55:53'), ('296','1','user','2',NULL,'2016-01-08 13:58:49','2016-01-08 13:58:49'), ('297','1','user','2',NULL,'2016-01-08 14:02:07','2016-01-08 14:02:07'), ('298','1','user','2',NULL,'2016-01-08 14:03:00','2016-01-08 14:03:00'), ('299','1','user','2',NULL,'2016-01-08 14:06:51','2016-01-08 14:06:51'), ('300','1','user','2',NULL,'2016-01-08 14:08:12','2016-01-08 14:08:12');
INSERT INTO `oauth_sessions` VALUES ('301','1','user','2',NULL,'2016-01-08 14:17:48','2016-01-08 14:17:48'), ('302','1','user','2',NULL,'2016-01-08 14:21:00','2016-01-08 14:21:00'), ('303','1','user','2',NULL,'2016-01-08 14:22:53','2016-01-08 14:22:53'), ('304','1','user','2',NULL,'2016-01-08 14:24:04','2016-01-08 14:24:04'), ('305','1','user','2',NULL,'2016-01-08 14:26:21','2016-01-08 14:26:21'), ('306','1','user','2',NULL,'2016-01-08 14:27:04','2016-01-08 14:27:04'), ('307','1','user','2',NULL,'2016-01-08 14:27:05','2016-01-08 14:27:05'), ('308','1','user','2',NULL,'2016-01-08 14:28:28','2016-01-08 14:28:28'), ('309','1','user','2',NULL,'2016-01-08 14:30:04','2016-01-08 14:30:04'), ('310','1','user','2',NULL,'2016-01-08 14:31:11','2016-01-08 14:31:11'), ('311','1','user','2',NULL,'2016-01-08 14:32:18','2016-01-08 14:32:18'), ('312','1','user','2',NULL,'2016-01-08 14:35:51','2016-01-08 14:35:51'), ('313','1','user','2',NULL,'2016-01-08 14:39:28','2016-01-08 14:39:28'), ('314','1','user','2',NULL,'2016-01-08 14:40:43','2016-01-08 14:40:43'), ('315','1','user','2',NULL,'2016-01-08 14:41:22','2016-01-08 14:41:22'), ('316','1','user','2',NULL,'2016-01-08 14:43:16','2016-01-08 14:43:16'), ('317','1','user','2',NULL,'2016-01-08 14:44:45','2016-01-08 14:44:45'), ('318','1','user','2',NULL,'2016-01-08 14:45:48','2016-01-08 14:45:48'), ('319','1','user','2',NULL,'2016-01-08 14:46:43','2016-01-08 14:46:43'), ('320','1','user','2',NULL,'2016-01-08 14:47:40','2016-01-08 14:47:40'), ('321','1','user','2',NULL,'2016-01-08 14:48:50','2016-01-08 14:48:50'), ('322','1','user','2',NULL,'2016-01-08 14:50:05','2016-01-08 14:50:05'), ('323','1','user','2',NULL,'2016-01-08 14:56:36','2016-01-08 14:56:36'), ('324','1','user','2',NULL,'2016-01-08 14:57:20','2016-01-08 14:57:20'), ('325','1','user','2',NULL,'2016-01-08 14:59:01','2016-01-08 14:59:01'), ('326','1','user','2',NULL,'2016-01-08 15:05:26','2016-01-08 15:05:26'), ('327','1','user','2',NULL,'2016-01-08 15:07:42','2016-01-08 15:07:42'), ('328','1','user','2',NULL,'2016-01-08 15:08:34','2016-01-08 15:08:34'), ('329','1','user','2',NULL,'2016-01-08 15:09:45','2016-01-08 15:09:45'), ('330','1','user','2',NULL,'2016-01-08 15:10:52','2016-01-08 15:10:52'), ('331','1','user','2',NULL,'2016-01-08 15:12:48','2016-01-08 15:12:48'), ('332','1','user','2',NULL,'2016-01-08 15:13:19','2016-01-08 15:13:19'), ('333','1','user','2',NULL,'2016-01-08 15:14:20','2016-01-08 15:14:20'), ('334','1','user','2',NULL,'2016-01-08 15:14:54','2016-01-08 15:14:54'), ('335','1','user','2',NULL,'2016-01-08 16:11:38','2016-01-08 16:11:38'), ('336','1','user','2',NULL,'2016-01-08 16:39:53','2016-01-08 16:39:53'), ('337','1','user','2',NULL,'2016-01-08 16:43:39','2016-01-08 16:43:39'), ('338','1','user','2',NULL,'2016-01-08 16:45:06','2016-01-08 16:45:06'), ('339','1','user','2',NULL,'2016-01-08 16:46:22','2016-01-08 16:46:22'), ('340','1','user','2',NULL,'2016-01-08 16:48:27','2016-01-08 16:48:27'), ('341','1','user','2',NULL,'2016-01-08 16:53:41','2016-01-08 16:53:41'), ('342','1','user','2',NULL,'2016-01-08 16:55:01','2016-01-08 16:55:01'), ('343','1','user','2',NULL,'2016-01-08 17:02:14','2016-01-08 17:02:14'), ('344','1','user','2',NULL,'2016-01-08 17:03:41','2016-01-08 17:03:41'), ('345','1','user','2',NULL,'2016-01-08 17:05:03','2016-01-08 17:05:03'), ('346','1','user','2',NULL,'2016-01-08 17:22:10','2016-01-08 17:22:10'), ('347','1','user','2',NULL,'2016-01-08 17:23:41','2016-01-08 17:23:41'), ('348','1','user','2',NULL,'2016-01-08 17:30:13','2016-01-08 17:30:13'), ('349','1','user','2',NULL,'2016-01-08 17:31:40','2016-01-08 17:31:40'), ('350','1','user','2',NULL,'2016-01-08 17:33:19','2016-01-08 17:33:19'), ('351','1','user','2',NULL,'2016-01-08 17:35:40','2016-01-08 17:35:40'), ('352','1','user','2',NULL,'2016-01-08 17:41:39','2016-01-08 17:41:39'), ('353','1','user','2',NULL,'2016-01-08 17:43:46','2016-01-08 17:43:46'), ('354','1','user','2',NULL,'2016-01-08 17:44:32','2016-01-08 17:44:32'), ('355','1','user','2',NULL,'2016-01-08 17:46:23','2016-01-08 17:46:23'), ('356','1','user','2',NULL,'2016-01-08 17:49:03','2016-01-08 17:49:03'), ('357','1','user','2',NULL,'2016-01-08 18:07:36','2016-01-08 18:07:36'), ('358','1','user','2',NULL,'2016-01-08 18:09:01','2016-01-08 18:09:01'), ('359','1','user','2',NULL,'2016-01-08 18:52:31','2016-01-08 18:52:31'), ('360','1','user','2',NULL,'2016-01-12 11:51:01','2016-01-12 11:51:01'), ('361','1','user','2',NULL,'2016-01-12 14:23:45','2016-01-12 14:23:45'), ('362','1','user','2',NULL,'2016-01-12 15:42:17','2016-01-12 15:42:17'), ('363','1','user','2',NULL,'2016-01-12 15:50:16','2016-01-12 15:50:16'), ('364','1','user','2',NULL,'2016-01-12 15:57:07','2016-01-12 15:57:07'), ('365','1','user','2',NULL,'2016-01-12 15:59:11','2016-01-12 15:59:11'), ('366','1','user','2',NULL,'2016-01-12 16:00:43','2016-01-12 16:00:43'), ('367','1','user','2',NULL,'2016-01-12 16:02:13','2016-01-12 16:02:13'), ('368','1','user','2',NULL,'2016-01-12 16:03:38','2016-01-12 16:03:38'), ('369','1','user','2',NULL,'2016-01-12 16:05:15','2016-01-12 16:05:15'), ('370','1','user','2',NULL,'2016-01-12 16:09:42','2016-01-12 16:09:42'), ('371','1','user','2',NULL,'2016-01-12 16:17:11','2016-01-12 16:17:11'), ('372','1','user','2',NULL,'2016-01-12 16:18:09','2016-01-12 16:18:09'), ('373','1','user','2',NULL,'2016-01-12 16:35:39','2016-01-12 16:35:39'), ('374','1','user','2',NULL,'2016-01-12 17:30:44','2016-01-12 17:30:44'), ('375','1','user','2',NULL,'2016-01-13 11:27:17','2016-01-13 11:27:17'), ('376','1','user','2',NULL,'2016-01-13 12:26:12','2016-01-13 12:26:12'), ('377','1','user','2',NULL,'2016-01-13 13:09:13','2016-01-13 13:09:13'), ('378','1','user','2',NULL,'2016-01-13 16:36:05','2016-01-13 16:36:05'), ('379','1','user','2',NULL,'2016-01-13 16:51:03','2016-01-13 16:51:03'), ('380','1','user','2',NULL,'2016-01-13 16:57:52','2016-01-13 16:57:52'), ('381','1','user','2',NULL,'2016-01-13 17:01:15','2016-01-13 17:01:15'), ('382','1','user','2',NULL,'2016-01-13 17:08:02','2016-01-13 17:08:02'), ('383','1','user','2',NULL,'2016-01-13 17:09:38','2016-01-13 17:09:38'), ('384','1','user','2',NULL,'2016-01-13 17:54:51','2016-01-13 17:54:51'), ('385','1','user','2',NULL,'2016-01-13 17:59:49','2016-01-13 17:59:49'), ('386','1','user','2',NULL,'2016-01-14 11:30:15','2016-01-14 11:30:15'), ('387','1','user','2',NULL,'2016-01-14 11:43:56','2016-01-14 11:43:56'), ('388','1','user','2',NULL,'2016-01-14 11:48:02','2016-01-14 11:48:02'), ('389','1','user','2',NULL,'2016-01-14 11:48:48','2016-01-14 11:48:48'), ('390','1','user','2',NULL,'2016-01-14 11:49:23','2016-01-14 11:49:23'), ('391','1','user','2',NULL,'2016-01-14 11:50:32','2016-01-14 11:50:32'), ('392','1','user','2',NULL,'2016-01-14 11:52:41','2016-01-14 11:52:41'), ('393','1','user','2',NULL,'2016-01-14 11:54:04','2016-01-14 11:54:04'), ('394','1','user','2',NULL,'2016-01-14 12:16:42','2016-01-14 12:16:42'), ('395','1','user','2',NULL,'2016-01-14 13:56:01','2016-01-14 13:56:01'), ('396','1','user','2',NULL,'2016-01-14 14:04:55','2016-01-14 14:04:55'), ('397','1','user','2',NULL,'2016-01-14 14:19:20','2016-01-14 14:19:20'), ('398','1','user','2',NULL,'2016-01-14 14:24:04','2016-01-14 14:24:04'), ('399','1','user','2',NULL,'2016-01-14 14:42:25','2016-01-14 14:42:25'), ('400','1','user','2',NULL,'2016-01-14 15:04:51','2016-01-14 15:04:51');
INSERT INTO `oauth_sessions` VALUES ('401','1','user','2',NULL,'2016-01-14 15:06:15','2016-01-14 15:06:15'), ('402','1','user','2',NULL,'2016-01-14 15:12:38','2016-01-14 15:12:38'), ('403','1','user','2',NULL,'2016-01-14 15:14:21','2016-01-14 15:14:21'), ('404','1','user','2',NULL,'2016-01-14 15:28:35','2016-01-14 15:28:35'), ('405','1','user','2',NULL,'2016-01-14 15:36:27','2016-01-14 15:36:27'), ('406','1','user','2',NULL,'2016-01-14 15:39:06','2016-01-14 15:39:06'), ('407','1','user','2',NULL,'2016-01-14 15:41:08','2016-01-14 15:41:08'), ('408','1','user','2',NULL,'2016-01-14 15:43:37','2016-01-14 15:43:37'), ('409','1','user','2',NULL,'2016-01-14 15:44:40','2016-01-14 15:44:40'), ('410','1','user','2',NULL,'2016-01-14 15:45:26','2016-01-14 15:45:26'), ('411','1','user','2',NULL,'2016-01-14 15:48:40','2016-01-14 15:48:40'), ('412','1','user','2',NULL,'2016-01-14 16:10:40','2016-01-14 16:10:40'), ('413','1','user','2',NULL,'2016-01-14 16:15:37','2016-01-14 16:15:37'), ('414','1','user','2',NULL,'2016-01-14 16:17:27','2016-01-14 16:17:27'), ('415','1','user','2',NULL,'2016-01-14 16:26:04','2016-01-14 16:26:04'), ('416','1','user','2',NULL,'2016-01-14 16:29:04','2016-01-14 16:29:04'), ('417','1','user','2',NULL,'2016-01-14 16:32:24','2016-01-14 16:32:24'), ('418','1','user','2',NULL,'2016-01-14 16:33:32','2016-01-14 16:33:32'), ('419','1','user','2',NULL,'2016-01-14 16:35:28','2016-01-14 16:35:28'), ('420','1','user','2',NULL,'2016-01-14 16:37:17','2016-01-14 16:37:17'), ('421','1','user','2',NULL,'2016-01-14 17:12:19','2016-01-14 17:12:19'), ('422','1','user','2',NULL,'2016-01-14 17:15:26','2016-01-14 17:15:26'), ('423','1','user','2',NULL,'2016-01-14 17:22:06','2016-01-14 17:22:06'), ('424','1','user','2',NULL,'2016-01-14 17:23:31','2016-01-14 17:23:31'), ('425','1','user','2',NULL,'2016-01-14 17:36:06','2016-01-14 17:36:06'), ('426','1','user','2',NULL,'2016-01-14 17:37:17','2016-01-14 17:37:17'), ('427','1','user','2',NULL,'2016-01-14 17:55:34','2016-01-14 17:55:34'), ('428','1','user','2',NULL,'2016-01-14 17:57:11','2016-01-14 17:57:11'), ('429','1','user','2',NULL,'2016-01-14 17:58:10','2016-01-14 17:58:10'), ('430','1','user','2',NULL,'2016-01-14 18:04:21','2016-01-14 18:04:21'), ('431','1','user','2',NULL,'2016-01-14 18:06:29','2016-01-14 18:06:29'), ('432','1','user','2',NULL,'2016-01-14 18:34:35','2016-01-14 18:34:35'), ('433','1','user','2',NULL,'2016-01-14 18:37:56','2016-01-14 18:37:56'), ('434','1','user','2',NULL,'2016-01-14 18:49:56','2016-01-14 18:49:56'), ('435','1','user','2',NULL,'2016-01-14 18:52:32','2016-01-14 18:52:32'), ('436','1','user','2',NULL,'2016-01-14 18:53:29','2016-01-14 18:53:29'), ('437','1','user','2',NULL,'2016-01-14 18:58:06','2016-01-14 18:58:06'), ('438','1','user','2',NULL,'2016-01-14 19:00:39','2016-01-14 19:00:39'), ('439','1','user','2',NULL,'2016-01-14 19:06:07','2016-01-14 19:06:07'), ('440','1','user','2',NULL,'2016-01-14 19:08:37','2016-01-14 19:08:37'), ('441','1','user','2',NULL,'2016-01-14 19:22:58','2016-01-14 19:22:58'), ('442','1','user','2',NULL,'2016-01-14 19:29:03','2016-01-14 19:29:03'), ('443','1','user','2',NULL,'2016-01-14 19:34:08','2016-01-14 19:34:08'), ('444','1','user','2',NULL,'2016-01-14 19:38:40','2016-01-14 19:38:40'), ('445','1','user','2',NULL,'2016-01-14 19:40:41','2016-01-14 19:40:41'), ('446','1','user','2',NULL,'2016-01-14 19:41:51','2016-01-14 19:41:51'), ('447','1','user','2',NULL,'2016-01-14 19:44:50','2016-01-14 19:44:50'), ('448','1','user','2',NULL,'2016-01-14 19:46:09','2016-01-14 19:46:09'), ('449','1','user','2',NULL,'2016-01-15 11:20:21','2016-01-15 11:20:21'), ('450','1','user','2',NULL,'2016-01-15 11:21:12','2016-01-15 11:21:12'), ('451','1','user','2',NULL,'2016-01-15 11:22:42','2016-01-15 11:22:42'), ('452','1','user','2',NULL,'2016-01-15 11:23:38','2016-01-15 11:23:38'), ('453','1','user','2',NULL,'2016-01-15 12:23:04','2016-01-15 12:23:04'), ('454','1','user','2',NULL,'2016-01-15 12:24:55','2016-01-15 12:24:55'), ('455','1','user','2',NULL,'2016-01-15 12:30:54','2016-01-15 12:30:54'), ('456','1','user','2',NULL,'2016-01-15 12:31:36','2016-01-15 12:31:36'), ('457','1','user','2',NULL,'2016-01-15 12:37:46','2016-01-15 12:37:46'), ('458','1','user','2',NULL,'2016-01-15 12:39:03','2016-01-15 12:39:03'), ('459','1','user','2',NULL,'2016-01-15 12:43:05','2016-01-15 12:43:05'), ('460','1','user','2',NULL,'2016-01-15 12:44:42','2016-01-15 12:44:42'), ('461','1','user','2',NULL,'2016-01-15 12:50:33','2016-01-15 12:50:33'), ('462','1','user','2',NULL,'2016-01-15 13:00:24','2016-01-15 13:00:24'), ('463','1','user','2',NULL,'2016-01-15 13:01:42','2016-01-15 13:01:42'), ('464','1','user','2',NULL,'2016-01-15 13:03:16','2016-01-15 13:03:16'), ('465','1','user','2',NULL,'2016-01-15 13:04:42','2016-01-15 13:04:42'), ('466','1','user','2',NULL,'2016-01-15 13:06:03','2016-01-15 13:06:03'), ('467','1','user','2',NULL,'2016-01-15 13:19:45','2016-01-15 13:19:45'), ('468','1','user','2',NULL,'2016-01-15 13:22:07','2016-01-15 13:22:07'), ('469','1','user','2',NULL,'2016-01-15 13:23:13','2016-01-15 13:23:13'), ('470','1','user','2',NULL,'2016-01-15 13:26:53','2016-01-15 13:26:53'), ('471','1','user','2',NULL,'2016-01-15 15:10:24','2016-01-15 15:10:24'), ('472','1','user','2',NULL,'2016-01-15 16:12:57','2016-01-15 16:12:57'), ('473','1','user','2',NULL,'2016-01-18 11:44:34','2016-01-18 11:44:34'), ('474','1','user','2',NULL,'2016-01-18 12:40:57','2016-01-18 12:40:57'), ('475','1','user','2',NULL,'2016-01-18 12:42:10','2016-01-18 12:42:10'), ('476','1','user','2',NULL,'2016-01-18 12:43:47','2016-01-18 12:43:47'), ('477','1','user','2',NULL,'2016-01-18 12:45:23','2016-01-18 12:45:23'), ('478','1','user','2',NULL,'2016-01-18 12:47:06','2016-01-18 12:47:06'), ('479','1','user','2',NULL,'2016-01-18 12:48:29','2016-01-18 12:48:29'), ('480','1','user','2',NULL,'2016-01-18 12:49:55','2016-01-18 12:49:55'), ('481','1','user','2',NULL,'2016-01-18 12:56:05','2016-01-18 12:56:05'), ('482','1','user','2',NULL,'2016-01-18 12:57:48','2016-01-18 12:57:48'), ('483','1','user','2',NULL,'2016-01-18 12:59:13','2016-01-18 12:59:13'), ('484','1','user','2',NULL,'2016-01-18 13:00:02','2016-01-18 13:00:02'), ('485','1','user','2',NULL,'2016-01-18 13:11:02','2016-01-18 13:11:02'), ('486','1','user','2',NULL,'2016-01-18 13:12:34','2016-01-18 13:12:34'), ('487','1','user','2',NULL,'2016-01-18 13:13:13','2016-01-18 13:13:13'), ('488','1','user','2',NULL,'2016-01-18 13:14:10','2016-01-18 13:14:10'), ('489','1','user','2',NULL,'2016-01-21 12:00:24','2016-01-21 12:00:24'), ('490','1','user','2',NULL,'2016-01-21 16:33:33','2016-01-21 16:33:33'), ('491','1','user','2',NULL,'2016-01-21 18:57:34','2016-01-21 18:57:34'), ('492','1','user','2',NULL,'2016-01-22 11:07:39','2016-01-22 11:07:39'), ('493','1','user','2',NULL,'2016-01-22 12:08:17','2016-01-22 12:08:17'), ('494','1','user','2',NULL,'2016-01-22 12:24:03','2016-01-22 12:24:03'), ('495','1','user','2',NULL,'2016-01-22 13:11:03','2016-01-22 13:11:03');
INSERT INTO `roles` VALUES ('1','administrador','2016-01-03 14:11:32','2016-01-03 14:11:32'), ('2','usuario','2016-01-03 14:11:51','2016-01-03 14:11:51');
INSERT INTO `tipo_avaliadores` VALUES ('1','Lateral','2016-01-12 15:19:20','2016-01-12 15:19:16'), ('2','Próprio','2016-01-12 15:19:20','2016-01-12 15:19:16'), ('3','Superior Imediato','2016-01-12 15:19:20','2016-01-12 15:19:16'), ('4','Superior de outra área','2016-01-12 15:19:20','2016-01-12 15:19:16'), ('5','Avaliador Externo Cliente','2016-01-12 15:19:20','2016-01-12 15:19:16'), ('6','Avaliador Externo Fornecedor','2016-01-12 15:19:20','2016-01-12 15:19:16');
INSERT INTO `tipo_competencias` VALUES ('1','Comportamental','Descrição de teste','2016-01-18 12:37:38','2016-01-18 12:37:41'), ('2','Técnica','Descrição de teste','2016-01-18 12:37:38','2016-01-18 12:37:41'), ('3','Híbrida','Descrição de teste','2016-01-18 12:37:38','2016-01-18 12:37:41');
INSERT INTO `users` VALUES ('2','Thiago Santos','thiago.santos@conquist.com.br','$2y$10$.AmKJ0O6NLcVv7L.Tf9TBe7vawDgru4JnheDndbVhgy/gZNYnEaEe','1',NULL,'2016-01-03 18:32:59','1','2016-01-03 18:32:59'), ('3','Romulo Quinta','romulo.quintan@conquist.com.br','$2y$10$UxvK/vy.WuCSZ2iD.V8bkugE.cK5rwtTm0m7RNSY.8fLvKxlbCoRe','1',NULL,'2016-01-07 14:33:29','1','2016-01-07 14:33:29'), ('4','Lucas Soares','lucas.soares@conquist.com.br','$2y$10$UxvK/vy.WuCSZ2iD.V8bkugE.cK5rwtTm0m7RNSY.8fLvKxlbCoRe','1','','2016-01-07 14:33:29','1','2016-01-07 14:33:29'), ('5','Roberto Madruga','roberto.madruga@conquist.com.br','$2y$10$UxvK/vy.WuCSZ2iD.V8bkugE.cK5rwtTm0m7RNSY.8fLvKxlbCoRe','1','','2016-01-07 14:33:29','1','2016-01-07 14:33:29'), ('6','Mel Valéria Carmona Filho','rezende.sabrina@lozano.com','$2y$10$w.IPUcuBzPViEMwNZQK9.eIRTm1DIrwilnk44aoLjP9NWBwoeJlCG','1',NULL,'2016-01-07 16:37:18','1','2016-01-07 16:37:18'), ('7','Joana Fidalgo Teles','josue.serra@ramires.com','$2y$10$Lmw25iJZ5kQ.qQcLW73zWuy.jqet7VPf8LStnXOyOJtRa9b1fy1GG','1',NULL,'2016-01-07 16:37:26','1','2016-01-07 16:37:26'), ('8','Natal Inácio Cortês Neto','kevin.delvalle@dominato.com','$2y$10$4ZpsVJEQjrufbttABF9Ile7tDyL9We3wgRxhN6UvF8BPxzF9yYej6','1',NULL,'2016-01-07 16:37:26','1','2016-01-07 16:37:26'), ('9','Gabriel Pedro Quintana','zambrano.luciana@correia.com','$2y$10$FVhaJ3ecBDn0t7ELGvNgIehbfoAqjgnVQzB.eL9X2PszcWzGGfLou','1',NULL,'2016-01-07 16:37:27','1','2016-01-07 16:37:27'), ('10','Paulina Urias Zambrano Sobrinho','rlovato@deaguiar.net','$2y$10$c7vUUGEXvrdiqT8j4ZVRPeMlZRSF6u2Fp.uBiA2J/GHfgW/fAX6IO','1',NULL,'2016-01-07 16:37:32','1','2016-01-07 16:37:32'), ('11','Alonso Caldeira','xgalvao@serrano.com','$2y$10$Xjxdq3LGJEE/0Ds1dDtqtu4Lo0VMS9T9WSAEGqU57yZAeXXhP2nHG','1',NULL,'2016-01-07 16:37:33','1','2016-01-07 16:37:33'), ('12','Noelí Alessandra Cruz','sflores@escobar.org','$2y$10$5F8Xkc8W4lzCWSkxGskfY.FMLikdTxHPJPdqsGK3yf.F.4nY431Ru','1',NULL,'2016-01-07 16:37:34','1','2016-01-07 16:37:34'), ('13','Manuel Ávila Neto','carrara.ivana@pedrosa.com','$2y$10$7Rltk4eFkD3zKJ50sHqL.uQTNu4qLSn.geSCuv1I5DJ2SjfLVKjUW','1',NULL,'2016-01-07 16:37:34','1','2016-01-07 16:37:34'), ('14','Emília Galvão Santana','lrodrigues@valentin.com','$2y$10$uFEW/kkmsG7niQaGOOSHPeN4cu91Ddf6wEEOw193BsPOmZdJzl4la','1',NULL,'2016-01-07 16:37:35','1','2016-01-07 16:37:35'), ('15','Estêvão Vicente Roque Neto','leandro24@serrano.com','$2y$10$y1CDaax/kX6fopRj9erMEO3GmlaMjZkvtF5f.Oq0NiTAfTsLI6GQC','1',NULL,'2016-01-07 16:37:35','1','2016-01-07 16:37:35'), ('16','Aaron Christopher Beltrão Filho','miranda13@sandoval.info','$2y$10$Y.CAMOVzwJ8plLwLVE4mkOKt.OyFi6JGf7dbu78hKIMUi5lvieEDu','1',NULL,'2016-01-07 16:37:35','1','2016-01-07 16:37:35'), ('17','Miranda Helena Galhardo Filho','paz.christopher@matos.org','$2y$10$xeT4urU3HcCREpmN4pF01ODMZuDmshIbjDti9RnUfaiRnodXQK7LW','1',NULL,'2016-01-07 16:37:36','1','2016-01-07 16:37:36'), ('18','Ivan Carmona Jr.','dias.daniela@prado.info','$2y$10$Gw1e.1pcgvcIHGFBF7uXQePTl..56TXqk5L4vj8Men5sIETYvuPAS','1',NULL,'2016-01-07 16:37:36','1','2016-01-07 16:37:36'), ('19','Jorge Martinho Ortiz Sobrinho','ana.barros@benites.com','$2y$10$CvMaYrzvaKci0vJ1jssna.7CJhQTrjGOo78Q.Q8GPk6XpUT0iCLku','1',NULL,'2016-01-07 16:37:37','1','2016-01-07 16:37:37'), ('20','Ivan Galhardo Neto','emanuel61@lira.com','$2y$10$oEKWfhUDav4BZnOugrEDxuL3Zbx3mC5WgMXcLzkX.a.5cwxz0eKeG','1',NULL,'2016-01-07 16:37:37','1','2016-01-07 16:37:37'), ('21','Melissa Pereira Paes','madalena.cortes@burgos.com','$2y$10$0xxgbFPtb9GI9PwOo4VuHuy0NA8JcH5t8dvCqFFeB9Mrn6wJ5T8Xy','1',NULL,'2016-01-07 16:37:38','1','2016-01-07 16:37:38'), ('22','Luara Perez Domingues','galvao.horacio@santana.com','$2y$10$gNOGtSyQEWXTH2QychEe2efSIkh54ef0xqmqvr9FUH/J43ysJRrVW','1',NULL,'2016-01-07 16:37:38','1','2016-01-07 16:37:38'), ('23','Anderson Leandro Lutero Sobrinho','pontes.irene@pedrosa.com','$2y$10$PL01ngfuX/mnRbQVElJZYOQnhH3YaFnHvVoRdFFoqIyZ6/6Gxy7eC','1',NULL,'2016-01-07 16:37:39','1','2016-01-07 16:37:39'), ('24','Mateus Ferminiano','kzaragoca@oliveira.com','$2y$10$VVay4yMbODq2I9aDU/cBuuaMO/ZmnrLzT7yKoRpjCaXmzdJMfuGZO','1',NULL,'2016-01-07 16:37:39','1','2016-01-07 16:37:39'), ('25','Giovana Quintana Neto','feliciano.salome@marinho.net','$2y$10$MpZnZn.2KLbqrQSe7EPYuuZO7.fH2XDwNul1RRvrhMwQkNlJ5qhQi','1',NULL,'2016-01-07 16:37:40','1','2016-01-07 16:37:40');
